Raw,StoreCode,StoreName
"0103 PEP BUTTERWORTH GRUBB STREET SHOP, C/O GRUBB STREET KING STREET BUTTERWORTH BUTTERWORTH EASTERN CAPE",0103,PEP BUTTERWORTH
"0108 PEP BFN HANGER STREET SHOP, 6 HANGER STREET BLOEMFONTEIN BLOEMFONTEIN FREE STATE",0108,PEP BFN
"0134 PEP KIMBERLEY GRAND HOTEL SHOP GRAND HOTEL BUILDING, PHAKAMILE MABIJA STREET KIMBERLEY NORTH KIMBERLEY NORTHERN CAPE",0134,PEP KIMBERLEY
"0136 PEP KIM 18 PHAKAMILE MABIJA SHOP, 18 PHAKAMILE MABIJA STREET KIMBERLEY NORTH KIMBERLEY NORTHERN CAPE",0136,PEP KIM
"0141 PEP KOKSTAD MAIN STREET SHOP 1 SPARGS BUILDING, 40 MAIN STREET KOKSTAD KOKSTAD KWAZULU-NATAL",0141,PEP KOKSTAD
"0145 PEP SASOLBURG SHOP 9 SAKE COMPLEX , WANDELLAAN STREET SASOLBURG SASOLBURG FREE STATE",0145,PEP SASOLBURG
"0150 PEP MONTAGU SHOP _ BUILDING _, 37 BAD STREET BERGSIG MONTAGU WESTERN CAPE",0150,PEP MONTAGU
"0154 PEP PAARL 97 LADY GREY ST SHOP _ BUILDING _, 97 LADY GREY STREET PAARL PAARL WESTERN CAPE",0154,PEP PAARL
"0156 PEP PRIESKA SHOP, CHURCH STREET PRIESKA PRIESKA NORTHERN CAPE",0156,PEP PRIESKA
"0164 PEP MOKOPANE RUITER ROAD SHOP, C/O RUITER ROAD NELSON MANDELA DRIVE MOKOPANE MOKOPANE LIMPOPO",0164,PEP MOKOPANE
"0169 PEP KIMBERLEY KIM PARK CENTRE SHOP GF 18A & 19 KIM PARK CENTRE, CORNER LENNOX STREET CHAPEL STREET KIMBERLEY KIMBERLEY NORTHERN CAPE",0169,PEP KIMBERLEY
"0176 PEP SCHWEIZER RENEKE SHOP _ BUILDING _, 8 OLIVIER STREET SCHWEIZER-RENEKE SCHWEIZER-RENEKE NORTH WEST",0176,PEP SCHWEIZER
"0180 PEP WITBANK HIGHVELD CENTRE SHOP 13 HIGHVELD CENTRE, WATERMEYER STREET WITBANK WITBANK MPUMALANGA",0180,PEP WITBANK
"0184 PEP UPINGTON SCOTT STREET SHOP 2 UNEX BUILDING, 36 SCOTT STREET UPINGTON UPINGTON NORTHERN CAPE",0184,PEP UPINGTON
"0186 PEP VEREENIGING PnP CENTRE SHOP 4 PICK 'N PAY CENTRE , MARKET STREET RAILWAY STREET VEREENIGING VEREENIGING GAUTENG",0186,PEP VEREENIGING
"0187 PEP DELAREYVILLE GEN DELAREY SHOP _ BUILDING _, 27 GENERAAL DELAREY STREET DELAREYVILLE DELAREYVILLE NORTH WEST",0187,PEP DELAREYVILLE
"0192 PEP VRYBURG DE KOCK SHOP 4 SHOPRITE CENTRE, CORNER STELLA STREET DE KOCK STREET VRYBURG VRYBURG NORTH WEST",0192,PEP VRYBURG
"0194 PEP WELLINGTON CHURCH STREET SHOP _ BUILDING _, 40 CHURCH STREET WELLINGTON WELLINGTON WESTERN CAPE",0194,PEP WELLINGTON
"0205 PEP ZEERUST BHYHOLDT CENTRE BHYHOLDT CENTRE, 39 CHURCH STREET ZEERUST ZEERUST NORTH WEST",0205,PEP ZEERUST
"0206 PEP KAKAMAS 11TH AVENUE SHOP, ELEVENTH AVENUE KAKAMAS KAKAMAS NORTHERN CAPE",0206,PEP KAKAMAS
"0208 PEP DELMAS SAREL CILLIERS STR SHOP, 41 SAREL CILLIERS STREET DELMAS DELMAS MPUMALANGA",0208,PEP DELMAS
"0210 PEP LADYSMITH MURCHISON MALL SHOP LG11, MURCHISON MALL , MURCHISON STREET LADYSMITH LADYSMITH KWAZULU-NATAL",0210,PEP LADYSMITH
"0218 PEP LOUIS TRICHARDT BURGER STR SHOP, C/O SONGOZWI STREET BURGER STREET LOUIS TRICHARDT LOUIS TRICHARDT LIMPOPO",0218,PEP LOUIS
"0223 PEP MIDDELBURG MP CHECKERS MIDDELBURG CHECKERS CENTRE, C/O SADAC STREET JOHN MAGAGULA STREET MIDDELBURG MIDDELBURG MPUMALANGA",0223,PEP MIDDELBURG
"0229 PEP DR PIXLEY KASEME STREET SHOP _ BUILDING _, 442 DR PIXLEY KASEME STREET DURBAN DURBAN KWAZULU-NATAL",0229,PEP DR
"0233 PEP VRYHEID 261 CHURCH STREET SHOP, 261 CHURCH STREET VRYHEID VRYHEID KWAZULU-NATAL",0233,PEP VRYHEID
"0238 PEP POTCH WALTER SISULU LANE SHOP _ BUILDING _, 149 WALTER SISULU LANE POTCHEFSTROOM POTCHEFSTROOM NORTH WEST",0238,PEP POTCH
"0241 PEP SENEKAL SHOP, 37 DREYER STREET SENEKAL SENEKAL FREE STATE",0241,PEP SENEKAL
"0245 PEP ROBERTSON SHOP _ BUILDING _, 32 REITZ STREET ROBERTSON ROBERTSON WESTERN CAPE",0245,PEP ROBERTSON
"0246 PEP CARLETONVILLE EMERALD STR SHOP, 14 EMERALD STREET CARLETONVILLE CARLETONVILLE GAUTENG",0246,PEP CARLETONVILLE
"0254 PEP DOUGLAS SHOP, 12 BARRACUDA STREET DOUGLAS DOUGLAS NORTHERN CAPE",0254,PEP DOUGLAS
"0255 PEP MODIMOLLE NELSON MANDELA SHOP, 89 NELSON MANDELA DRIVE MODIMOLLE MODIMOLLE LIMPOPO",0255,PEP MODIMOLLE
"0260 PEP PARYS SHOP 4, CNR KORT STREET MIDDLE STREET PARYS PARYS FREE STATE",0260,PEP PARYS
"0267 PEP WITBANK TAXI RANK SHOP 1, WITBANK TAXI RANK, 3 ESCOMBE STREET WITBANK WITBANK MPUMALANGA",0267,PEP WITBANK
"0268 PEP CRADOCK ADDERLEY STREET SHOP, 43 ADDERLEY STREET CRADOCK CRADOCK EASTERN CAPE",0268,PEP CRADOCK
"0269 PEP KNYSNA LONG STREET SHOP, 13 LONG STREET KNYSNA KNYSNA WESTERN CAPE",0269,PEP KNYSNA
"0272 PEP PHALABORWA MALL SHOP 5 PHALABORWA MALL, C/O PALM AVENUE HF VERWOERD STREET PHALABORWA PHALABORWA LIMPOPO",0272,PEP PHALABORWA
"0274 PEP ESTCOURT ALBERT STREET SHOP _ BUILDING _, 165 ALBERT STREET ESTCOURT ESTCOURT KWAZULU-NATAL",0274,PEP ESTCOURT
"0277 PEP WELKOM BOK STREET SHOP, 22A BOK STREET WELKOM WELKOM FREE STATE",0277,PEP WELKOM
"0279 PEP WHITERIVER SQUARE SHOP 17 WHITE RIVER SQUARE, CNR CHIEF MGIYENI DRIVE HENNIE VAN TIL STREET WHITE RIVER WHITE RIVER MPUMALANGA",0279,PEP WHITERIVER
"0289 PEP BRONKHORSTSPRUIT CHURCH ST SHOP, 23 CHURCH STREET BRONKHORSTSPRUIT BRONKHORSTSPRUIT GAUTENG",0289,PEP BRONKHORSTSPRUIT
"0294 PEP MEYERTON SHOP 2 PRESIDENT COURT, 27 LOCH STREET MEYERTON MEYERTON GAUTENG",0294,PEP MEYERTON
"0296 PEP DUNDEE VICTORIA STREET SHOP, 296 VICTORIA STREET DUNDEE DUNDEE KWAZULU-NATAL",0296,PEP DUNDEE
"0303 PEP BELA-BELA CHRIS HANI DR SHOP C VAN HEERDEN BUILDING (PREVIOUSLY TRIO), 29 CHRIS HANI DRIVE BELA-BELA BELA-BELA LIMPOPO",0303,PEP BELA-BELA
"0306 PEP BOTHAVILLE SHOP, CNR PRESIDENT STREET & VAN RIEBEECK STREET BOTHAVILLE BOTHAVILLE FREE STATE",0306,PEP BOTHAVILLE
"0312 PEP EMPANGENI UNION STREET SHOP 1 BUILDING_, 11 UNION STREET EMPANGENI EMPANGENI KWAZULU-NATAL",0312,PEP EMPANGENI
"0315 PEP KW TOWN MACLEAN ROAD SHOP 3, 28 MACLEAN ROAD KING WILLIAMS TOWN KING WILLIAMS TOWN EASTERN CAPE",0315,PEP KW
"0318 PEP LYDENBURG TAMARISK BUILDING , 18 VOORTREKKER STREET LYDENBURG LYDENBURG MPUMALANGA",0318,PEP LYDENBURG
"0322 PEP FICKSBURG FONTEIN STREET SHOP, 40 FONTEIN STREET FICKSBURG FICKSBURG FREE STATE",0322,PEP FICKSBURG
"0324 PEP HARTSWATER SHOP 1 BRINK CENTRE , CORNER JAN SMUTS REITZ STREET HARTSWATER HARTSWATER NORTHERN CAPE",0324,PEP HARTSWATER
"0327 PEP QUEENSTOWN HEXAGON SQUARE SHOP 2 HEXZAGON SQUARE, BOWKER STREET QUEENSTOWN QUEENSTOWN EASTERN CAPE",0327,PEP QUEENSTOWN
"0337 PEP KRUGERSDORP MARK STREET SHOP 6, CORNER 28 MARKET STREET COMMISSIONER STREET KRUGERSDORP KRUGERSDORP GAUTENG",0337,PEP KRUGERSDORP
"0338 PEP MUSINA KLAFF STREET SHOP 1, 8 KLAFF STREET MUSINA MUSINA LIMPOPO",0338,PEP MUSINA
"0339 PEP VRYBURG MARKET SHOP _ BUILDING _, 93 MARKET STREET VRYBURG VRYBURG NORTH WEST",0339,PEP VRYBURG
"0340 PEP WELLINGTON MAIN STREET SHOP _ MAIN ROAD CENTRE, 80 MAIN STREET WELLINGTON WELLINGTON WESTERN CAPE",0340,PEP WELLINGTON
"0345 PEP TZANEEN DANIE JOUBERT STR SHOP 345 JOSEPH CENTRE, 4 DANIE JOUBERT STREET TZANEEN TZANEEN LIMPOPO",0345,PEP TZANEEN
"0349 PEP PIET RETIEF MARK STREET SHOP 5 KURPER BUILDING, C/O MARK STREET & ZUIDEN STREET PIET RETIEF PIET RETIEF MPUMALANGA",0349,PEP PIET
"0352 PEP HEIDELBERG (GP) SHOPRITE SHOP 9 SHOPRITE CHECKERS CENTRE, 61 VOORTREKKER STREET HEIDELBERG HEIDELBERG GAUTENG",0352,PEP HEIDELBERG
"0353 PEP JHB MAYFAIR SHOP, 160 CENTRAL AVENUE MAYFAIR JOHANNESBURG GAUTENG",0353,PEP JHB
"0354 PEP VENTERSDORP SHOP _ BUILDING _, 9 HENDRICK POTGIETER STREET R35 CARMICHAEL STREET VENTERSDORP VENTERSDORP NORTH WEST",0354,PEP VENTERSDORP
"0356 PEP JHB BRIXTON PROTEA CENTRE SHOP 34-37 PROTEA SHOPPING CENTRE, 35 HIGH STREET BRIXTON JOHANNESBURG GAUTENG",0356,PEP JHB
"0359 PEP PORT SHEPSTONE WOOLY STR SHOP 6 BOODHRAM HOUSE, C/O WOOLY STREET NELSON MANDELA DRIVE PORT SHEPSTONE PORT SHEPSTONE KWAZULU-NATAL",0359,PEP PORT
"0366 PEP CPT KENSINGTON KENSIGNTON SHOPPING CENTRE, 12 AVENUE KENSINGTON CAPE TOWN WESTERN CAPE",0366,PEP CPT
"0372 PEP KUILSRIVER SHOPRITE CENTRE SHOP 18-19 SHOPRITE CENTRE, CORNER NOOIENSFONTEIN VAN RIEBEECK ROAD KUILS RIVER KUILS RIVER WESTERN CAPE",0372,PEP KUILSRIVER
"0373 PEP MIDDELBURG (MP) SADC STR SHOP, C/O SADC STREET SNYMAN STREET MIDDELBURG MIDDELBURG MPUMALANGA",0373,PEP MIDDELBURG
"0382 PEP KRAAIFONTEIN BLOCH CENTRE SHOP 10 BLOCH CENTRE, 18 VAN RIEBEECK ROAD KRAAIFONTEIN KRAAIFONTEIN WESTERN CAPE",0382,PEP KRAAIFONTEIN
"0387 PEP MARQUARD SHOP, MAIN STREET MARQUARD MARQUARD FREE STATE",0387,PEP MARQUARD
"0389 PEP PONGOLA NEW REPUBLIC WAY SHOP ERLANK BUILDING , NEW REPUBLIC WAY PONGOLA PONGOLA KWAZULU-NATAL",0389,PEP PONGOLA
"0398 PEP BERGVILLE SHOP, TATHAMWEG ROAD BERGVILLE BERGVILLE KWAZULU-NATAL",0398,PEP BERGVILLE
"0408 PEP PINETOWN SHOP 4 PINE CITY CENTRE, 24HILL STREET PINETOWN PINETOWN KWAZULU-NATAL",0408,PEP PINETOWN
"0415 PEP BELLVILLE VOORTREKKER ROAD HARMOUR HOUSE (EX LEGIT), 145 VOORTREKKER ROAD BELLVILLE CAPE TOWN WESTERN CAPE",0415,PEP BELLVILLE
"0416 PEP WELKOM POWER ROAD SHOP 6 MANNY'S BUILDING , 179 POWER ROAD WELKOM WELKOM FREE STATE",0416,PEP WELKOM
"0434 PEP LICHTENBURG PARKVIEW SC SHOP A8, PARKVIEW SHOPPING CENTRE, 63 SCHOLTZ STREET LICHTENBURG LICHTENBURG NORTH WEST",0434,PEP LICHTENBURG
"0436 PEP RICHARDS BAY CHECKERS CTR SHOP 18 CHECKERS CENTRE, SHILLING SWING STREET RICHARDS BAY RICHARDS BAY KWAZULU-NATAL",0436,PEP RICHARDS
"0442 PEP HARDING ITHALA CENTRE SHOP 5 - 7 ITHALA CENTRE, MUSGRAVE STREET HARDING HARDING KWAZULU-NATAL",0442,PEP HARDING
"0444 PEP HERTZOGVILLE SHOP, 7 MAIN STREET HERTZOGVILLE HERTZOGVILLE FREE STATE",0444,PEP HERTZOGVILLE
"0456 PEP SWARTRUGGENS SHOP 1, 13 SAREL CILLIERS STREET SWARTRUGGENS SWARTRUGGENS NORTH WEST",0456,PEP SWARTRUGGENS
"0457 PEP PAARL OLD REMBRANDT SHOP 11, OLD REMBRANDT SHOPPING CENTRE, CNR LADY GREY & BERG RIVER PAARL PAARL WESTERN CAPE",0457,PEP PAARL
"0458 PEP IXOPO MARGARET STREET SHOP, 18 MARGARET STREET IXOPO IXOPO KWAZULU-NATAL",0458,PEP IXOPO
"0462 PEP PORT ALFRED SHOP 1 ELUKWATINI CENTRE, CAMPBELL STREET PORT ALFRED PORT ALFRED EASTERN CAPE",0462,PEP PORT
"0479 PEP RUSTENBURG MAROELA CENTRE SHOP 6 MAROELA CENTRE, 30 FATIMA BHAYAT STREET LEYDS STREET RUSTENBURG RUSTENBURG NORTH WEST",0479,PEP RUSTENBURG
"0483 PEP HOWICK UMNGENI CENTRE SHOP 1 UMNGENI CENTRE, 12 HARVARD STREET HOWICK HOWICK KWAZULU-NATAL",0483,PEP HOWICK
"0485 PEP VIRGINIA GOVERNMENT STREET SHOP _ BUILDING _, 917 GOVERNMENT STREET VIRGINIA VIRGINIA FREE STATE",0485,PEP VIRGINIA
"0489 PEP BARKLY WEST SHOP, 7 CAMPBELL STREET BARKLY WEST BARKLY WEST NORTHERN CAPE",0489,PEP BARKLY
"0498 PEP MTUBATUBA NKOSI MTUBA ROAD SHOP 1 MTUBATABA, NKOSI MTUBA ROAD MTUBATUBA MTUBATUBA KWAZULU-NATAL",0498,PEP MTUBATUBA
"0503 PEP THY SIBASA SHOPRITE SHOP C3-4 SIBASA SHOPRITE CENTRE, R532 SIBASA THOHOYANDOU LIMPOPO",0503,PEP THY
"0505 PEP CAPE TOWN GRAND CENTRAL SHOP 3001 GRAND CENTRAL, C/O PLEIN STREET DARLING STREET CAPE TOWN CAPE TOWN WESTERN CAPE",0505,PEP CAPE
"0531 PEP KW TOWN MARKET SQUARE SHOP 17 MARKET SQUARE, WALKER STREET KING WILLIAMS TOWN KING WILLIAMS TOWN EASTERN CAPE",0531,PEP KW
"0535 PEP MAFIKENG MMABATHO MEGACITY SHOP 67 MEGACITY, SEKAME STREET MMABATHO MMABATHO NORTH WEST",0535,PEP MAFIKENG
"0537 PEP ORKNEY KINGSLEY SHOP 4 SANLAM BUILDING, KINGSLEY ROAD ORKNEY ORKNEY NORTH WEST",0537,PEP ORKNEY
"0540 PEP NORTHAM SHOPRITE CENTRE SHOP NO 24 SHOPRITE CENTRE, TLOU STREET NORTHAM RUSTENBURG LIMPOPO",0540,PEP NORTHAM
"0543 PEP KWAMASHU CENTRE KWAMASHU CENTRE, 300 MALANDELA ROAD UNDLONDLO ROAD KWAMASHU KWAMASHU KWAZULU-NATAL",0543,PEP KWAMASHU
"0546 PEP SECUNDA CENTRE SHOP 5 SECUNDA CENTRE, KITSHOFF STREET SECUNDA SECUNDA MPUMALANGA",0546,PEP SECUNDA
"0561 PEP BETHLEHEM HIGH STREET SHOP, C/O HIGH STREET MALAN STREET BETHLEHEM BETHLEHEM FREE STATE",0561,PEP BETHLEHEM
"0566 PEP UMKOMAAS SHOP 1 AZANIA INVESTMENTS BUILDING, BRAD STREET UMKOMAAS UMKOMAAS KWAZULU-NATAL",0566,PEP UMKOMAAS
"0572 PEP FICKSBURG FONTEIN STREET SHOP, FONTEIN STREET FICKSBURG FICKSBURG FREE STATE",0572,PEP FICKSBURG
"0573 PEP GEORGE VANDERSTEL SQUARE SHOP 3 VANDERSTEL SQUARE, 87 HIBERNIA STREET GEORGE GEORGE WESTERN CAPE",0573,PEP GEORGE
"0578 PEP EAST LONDON ALBERT STR SHOP 2-7 GLADSTONE HOUSE, 4 ALBERT STREET EAST LONDON EAST LONDON EASTERN CAPE",0578,PEP EAST
"0580 PEP LUSIKISIKI SHOP 1 MGAGA BUILDING, MAIN STREET LUSIKISIKI LUSIKISIKI EASTERN CAPE",0580,PEP LUSIKISIKI
"0599 PEP CPT WYNBERG MAIN ROAD SHOP, C/O MAIN ROAD MAYNARD WAY WYNBERG CAPE TOWN WESTERN CAPE",0599,PEP CPT
"0601 PEP CRADOCK BEEREN STREET SHOP, 16 BEEREN STREET CRADOCK CRADOCK EASTERN CAPE",0601,PEP CRADOCK
"0603 PEP PHALABORWA SHOPRITE CENTRE SHOP 8 SHOPRITE CENTRE , CORNER SEALENE PALM AVENUE PHALABORWA PHALABORWA LIMPOPO",0603,PEP PHALABORWA
"0604 PEP PIETERMARITZBURG 49 CHURCH SHOP 47, 49 CHURCH STREET PIETERMARITZBURG PIETERMARITZBURG KWAZULU-NATAL",0604,PEP PIETERMARITZBURG
"0605 PEP LADYSMITH ILLING ROAD SHOP_ BUILDING _, 62 ILLING ROAD LADYSMITH LADYSMITH KWAZULU-NATAL",0605,PEP LADYSMITH
"0607 PEP POLOKWANE LIMPOPO MALL SHOP 47 LIMPOPO MALL, CORNER RISSIK STREET KERK STREET POLOKWANE POLOKWANE LIMPOPO",0607,PEP POLOKWANE
"0610 PEP WITBANK EMALA MALL SHOP A2 & AB EMALA MALL, CORNER BOTHA STREET EADIE STREET WITBANK WITBANK MPUMALANGA",0610,PEP WITBANK
"0614 PEP KURUMAN SHOPRITE CENTRE SHOP 1 SHOPRITE CENTRE, LIVINGSTONE ROAD KURUMAN KURUMAN NORTHERN CAPE",0614,PEP KURUMAN
"0618 PEP PTA QUEEN STREET SHOP 1 CENTRE PLACE, 275 CHURCH STREET PRETORIA PRETORIA GAUTENG",0618,PEP PTA
"0619 PEP MTUBATUBA MTUBA PLAZA SHOP 9 MTUBA PLAZA, C/O JOHN ROSS HIGHWAY ST LUCIA ROAD MTUBATUBA MTUBATUBA KWAZULU-NATAL",0619,PEP MTUBATUBA
"0620 PEP STEELPOORT SHOP 5 BLOCK 5 , RODIUM AVENUE EXTENSION 4 R555 STEELPOORT BURGERSFORT LIMPOPO",0620,PEP STEELPOORT
"0621 PEP PAARL SHOPRITE CENTRE SHOP 49-53 SHOPRITE CENTRE, CORNER VD LINGEN STREET BERG RIVER BOULEVARD PAARL PAARL WESTERN CAPE",0621,PEP PAARL
"0622 PEP RANDFONTEIN UNION STREET SHOP 1 DESMARE CENTRE , 19 UNION STREET RANDGATE RANDFONTEIN GAUTENG",0622,PEP RANDFONTEIN
"0633 PEP RANDFONTEIN STATION MALL SHOP 6 RANDFONTEIN STATION MALL , STATION STREET RANDFONTEIN RANDFONTEIN GAUTENG",0633,PEP RANDFONTEIN
"0636 PEP KLERKSDORP OLIVER TAMBO ST SHOP _ BUILDING _, 45 OLIVER TAMBO STREET KLERKSDORP KLERKSDORP NORTH WEST",0636,PEP KLERKSDORP
"0639 PEP GARANKUWA CENTRE SHOP 3 - 4 GARANKUWA CENTRE, LEAH MANGOPE HIGH WAY GA-RANKUWA GA-RANKUWA GAUTENG",0639,PEP GARANKUWA
"0641 PEP QUEENSTOWN CALDERWOOD STR SHOP 14 BUILDING, 14 CALDERWOOD STREET QUEENSTOWN QUEENSTOWN EASTERN CAPE",0641,PEP QUEENSTOWN
"0643 PEP DELMAS WILLOWBROOK SQUARE SHOP 30 WILLOWBROOK SQUARE, C/O SAMUEL ROAD VAN DER WALT STREET DELMAS DELMAS MPUMALANGA",0643,PEP DELMAS
"0648 PEP HARRISMITH SAREL CILLIERS 1 SAREL CILLIERS STREET, CNR SAREL CILLIERS STREET & BESTER STREET HARRISMITH HARRISMITH FREE STATE",0648,PEP HARRISMITH
"0654 PEP VREDEFORT SHOP, 3 ORANJE STREET VREDEFORT VREDEFORT FREE STATE",0654,PEP VREDEFORT
"0662 PEP ERMELO DE JAGER STREET SHOP 44-46, ERMELO MALL, DE JAGER STREET ERMELO ERMELO MPUMALANGA",0662,PEP ERMELO
"0663 PEP BRITS SPOORWEG STREET VLAKVARKGAT BUILDING, CNR SPOORWEG STREET & MURRAY STREET BRITS BRITS NORTH WEST",0663,PEP BRITS
"0671 PEP ODENDAALSRUS SHOP, CNR WATERKANT STREET WESSEL STREET ODENDAALSRUS ODENDAALSRUS FREE STATE",0671,PEP ODENDAALSRUS
"0674 PEP PTA QUAGGA CENTRE SHOPS 41-43 QUAGGA CENTRE, CNR CHURCH STREET COURT STREET PRETORIA PRETORIA GAUTENG",0674,PEP PTA
"0680 PEP VIRGINIA MARKET STREET SHOP 1 CHECKERS CENTRE, CNR MARKET STREET EXCHANGE STREET VIRGINIA VIRGINIA FREE STATE",0680,PEP VIRGINIA
"0681 PEP LOUIS TRICHARDT THE GROVE SHOP 5 THE GROOVE, C/O SONGOZWI MUNNICK & ANDERSON STR LOUIS TRICHARDT LOUIS TRICHARDT LIMPOPO",0681,PEP LOUIS
"0682 PEP KROONSTAD REITZ STREET SHOP, 21 REITZ STREET KROONSTAD KROONSTAD FREE STATE",0682,PEP KROONSTAD
"0688 PEP ERMELO NAUDE STREET SHOP 1, CORNER DE JAGER STREET NAUDE STREET ERMELO ERMELO MPUMALANGA",0688,PEP ERMELO
"0689 PEP MIDDELBURG (MP) O.R TAMBO DE KOCK BUILDING, C/O O.R TAMBO STREET BHIMY DAMANE STREET MIDDELBURG MIDDELBURG MPUMALANGA",0689,PEP MIDDELBURG
"0690 PEP THABANCHU MAIN STR SHOP S9&10 CORNERSTONE BUILDING, 2 MAIN STREET THABA NCHU THABA NCHU FREE STATE",0690,PEP THABANCHU
"0693 PEP MTHATHA OWEN STREET SHOP 2 MUNIPATA BUILDING, CORNER SUTHERLAND STREET OWEN STREET MTHATHA MTHATHA EASTERN CAPE",0693,PEP MTHATHA
"0695 PEP MTHATHA MADEIRA STREET SHOP 3, 35 MADEIRA STREET MTHATHA MTHATHA EASTERN CAPE",0695,PEP MTHATHA
"0704 PEP EERSTE RIVER CITY CENTRE SHOP 22A/B/F EERSTE RIVER CITY CENTRE, FOREST DRIVE EERSTE RIVER EERSTE RIVER WESTERN CAPE",0704,PEP EERSTE
"0721 PEP EERSTE RIVER MALL SHOP 29-30 EERSTE RIVER MALL, C/O PLEIN STREET & VAN RIEBEECK ROAD EERSTE RIVER EERSTE RIVER WESTERN CAPE",0721,PEP EERSTE
"0727 PEP ATLANTIS WESFLEUR SHOP 2 WESFLEUR TOWN CENTRE, 24 WESFLEUR CIRCLE ATLANTIS ATLANTIS WESTERN CAPE",0727,PEP ATLANTIS
"0730 PEP MITCHELLS PLAIN TOWN CTR SHOP, 23 SYMPHONY WALK MITCHELLS PLAIN MITCHELLS PLAIN WESTERN CAPE",0730,PEP MITCHELLS
"0742 PEP TSOLO SHOP 2 BOXER CENTRE, MAIN ROAD TSOLO TSOLO EASTERN CAPE",0742,PEP TSOLO
"0743 PEP MATATIELE MARKET STREET SHOP 8 ELLERINES MATATIELE, 47 MARKET STREET MATATIELE MATATIELE EASTERN CAPE",0743,PEP MATATIELE
"0772 PEP NEWCASTLE ALLEN STREET SHOP, 16 ALLEN STREET NEWCASTLE NEWCASTLE KWAZULU-NATAL",0772,PEP NEWCASTLE
"0774 PEP MAFIKENG 34 STATION ROAD SHOP 1 THE STATE WAY BUILDING, 34 STATION ROAD MAFIKENG MAFIKENG NORTH WEST",0774,PEP MAFIKENG
"0778 PEP STANGER HULLETT STREET SHOP 61 , 61 HULLETT STREET STANGER STANGER KWAZULU-NATAL",0778,PEP STANGER
"0779 PEP PMB RETIEF STREET SHOP, 128 RETIEF STREET PIETERMARITZBURG PIETERMARITZBURG KWAZULU-NATAL",0779,PEP PMB
"0781 PEP GEORGE 54 HIBERNIA STREET SHOP, 54 HIBERNIA STREET GEORGE GEORGE WESTERN CAPE",0781,PEP GEORGE
"0785 PEP MATATIELE SHOPPING CENTRE SHOP 14 RHINO PLAZA, STATION ROAD MATATIELE MATATIELE EASTERN CAPE",0785,PEP MATATIELE
"0786 PEP GEORGE SANDKRAAL RD SHOP, NELSON MANDELA BOULEVARD BORCHARDS GEORGE WESTERN CAPE",0786,PEP GEORGE
"0787 PEP GERMISTON RAILWAY STR SHOP 13-14 STATION BAZAAR , RAILWAY STREET GERMISTON GERMISTON GAUTENG",0787,PEP GERMISTON
"0792 PEP HAMMARSDALE JUNCTION SHOP A27, HAMMARSDALE JUNCTION, KUNENE ROAD HAMMARSDALE HAMMARSDALE KWAZULU-NATAL",0792,PEP HAMMARSDALE
"0913 PEP NONGOMA ISIZWE CENTRE SHOP 1 ISIZWE SHOPPING CENTRE, MAIN ROAD NONGOMA NONGOMA KWAZULU-NATAL",0913,PEP NONGOMA
"0914 PEP THOHOYANDOU SIBASA SPAR SHOP 29 SIBASA SPAR CENTRE, POST OFFICE STREET SIBASA THOHOYANDOU LIMPOPO",0914,PEP THOHOYANDOU
"0919 PEP THOHOYANDOU ELLERINES SHOP 1 ELLERINES BUILDING, MPHEPHU STREET THOHOYANDOU THOHOYANDOU LIMPOPO",0919,PEP THOHOYANDOU
"0922 PEP SETSING PLAZA MAPOI STR SHOP 28 SETSING PLAZA , MAPOI STREET PHUTHADITJHABA PHUTHADITJHABA FREE STATE",0922,PEP SETSING
"0936 PEP ULUNDI ITHALA CENTRE SHOP 9 & 10 ITHALA CENTRE, C/O PRINCESS MAGOGO STREET KING DINIZULU STREET ULUNDI ULUNDI KWAZULU-NATAL",0936,PEP ULUNDI
"0938 PEP ENGCOBO SPAR CENTRE SHOP B ENGCOBO SPAR CENTRE, 190-192 HIGH STREET ENGCOBO ENGCOBO EASTERN CAPE",0938,PEP ENGCOBO
"0941 PEP UMZINTO SNIB CENTRE SHOP 2 SNIB CENTRE, 329 MAIN ROAD UMZINTO UMZINTO KWAZULU-NATAL",0941,PEP UMZINTO
"0955 PEP ASHTON SHOP, 1480 MAIN ROAD ASHTON ASHTON WESTERN CAPE",0955,PEP ASHTON
"0965 PEP BOTSHABELO RCM COMPLEX SHOP 9 RCM COMPLEX, C/O STRAND STREET RE-A-HOLA STREET BOTSHABELO BOTSHABELO FREE STATE",0965,PEP BOTSHABELO
"0971 PEP VRYHEID UTRECHT STREET SHOP 3 SHOPRITE CENTRE, 219 UTRECHT STREET VRYHEID VRYHEID KWAZULU-NATAL",0971,PEP VRYHEID
"0975 PEP PTA STATION SQUARE SHOP 8A, STATION SQUARE, CNR JEFF MASEMOLA STREET & BOSMAN STREET PRETORIA PRETORIA GAUTENG",0975,PEP PTA
"0995 PEP TEMBISA TEMBI MALL SHOP 18 TEMBI CENTRE, 232 IGQAGQA SECTION 1628 TEMBISA TEMBISA GAUTENG",0995,PEP TEMBISA
"0996 PEP KATLEHONG LETSHOHO CENTRE SHOP 15 LETSHOHO CENTRE , HOSPITAL ROAD KATLEHONG KATLEHONG GAUTENG",0996,PEP KATLEHONG
"0997 PEP COFIMVABA SUPERSAVE CENTRE SHOP 19 SUPERSAVE CENTRE, MAIN STREET COFIMVABA COFIMVABA EASTERN CAPE",0997,PEP COFIMVABA
"4126 PEP KNYSNA THE JUNCTION SHOP 3 THE JUNCTION, ST GEORGES STREET NELSON STREET KNYSNA KNYSNA WESTERN CAPE",4126,PEP KNYSNA
"4132 PEP MTUBATUBA JOHN ROSS SHOP 2 DEKOS BUILDING, JOHN ROSS HIGHWAY MTUBATUBA MTUBATUBA KWAZULU-NATAL",4132,PEP MTUBATUBA
"4170 PEP VRYHEID PLAZA SHOP 4 VRYHEID PLAZA, MASON STREET VRYHEID VRYHEID KWAZULU-NATAL",4170,PEP VRYHEID
"4181 PEP KRUGERSDORP NBS CENTRE NBS CENTRE, 12 MONUMENT STREET KRUGERSDORP KRUGERSDORP GAUTENG",4181,PEP KRUGERSDORP
"4196 PEP LEPHALALE OK SHOPPING CTR SHOP 7 OK SHOPPING CENTRE, HENDRIK STREET LEPHALALE LEPHALALE LIMPOPO",4196,PEP LEPHALALE
"4206 PEP QUEENSTOWN CATHCART ROAD SHOP 2 BUILDING _, 80 CATHCART ROAD QUEENSTOWN QUEENSTOWN EASTERN CAPE",4206,PEP QUEENSTOWN
"4209 PEP BRONKHORSTSPRUIT LANHAM ST SHOP 346 KENNYS SPAR CENTRE , LANHAM STREET BRONKHORSTSPRUIT BRONKHORSTSPRUIT GAUTENG",4209,PEP BRONKHORSTSPRUIT
"4226 PEP LICHTENBURG SANLAM CENTRE SHOP 10 SANLAM CENTRE, DR NELSON MANDELA DRIVE LICHTENBURG LICHTENBURG NORTH WEST",4226,PEP LICHTENBURG
"4235 PEP GRAHAMSTOWN HIGH STREET SHOP _ BUILDING _, 46/48 HIGH STREET GRAHAMSTOWN GRAHAMSTOWN EASTERN CAPE",4235,PEP GRAHAMSTOWN
"4244 PEP ATLANTIS SHOPPING CENTRE SHOP LS09 ATLANTIS SHOPPING CENTRE, C/O REYGERSDAL ARION ROAD ATLANTIS ATLANTIS WESTERN CAPE",4244,PEP ATLANTIS
"4257 PEP TAUNG FORUM SC SHOP 20 TAUNG FORUM SHOP CENTRE, STATION ROAD TAUNG TAUNG NORTH WEST",4257,PEP TAUNG
"4259 PEP PIET RETIEF 27 CHURCH STR SHOP_ BUILDING_, 27 CHURCH STREET PIET RETIEF PIET RETIEF MPUMALANGA",4259,PEP PIET
"4266 PEP THABAZIMBI SHOPRITE CENTRE SHOP 5 SHOPRITE CENTRE , VANDERBIJL STREET THABAZIMBI THABAZIMBI LIMPOPO",4266,PEP THABAZIMBI
"4271 PEP RUSTENBURG BETHELEHEM DR SHOP, BETHELEHEM DRIVE RUSTENBURG RUSTENBURG NORTH WEST",4271,PEP RUSTENBURG
"4278 PEP SCOTTBURGH SHOP 106, SCOTT STREET SCOTTBURGH SCOTTBURGH KWAZULU-NATAL",4278,PEP SCOTTBURGH
"4280 PEP MTHATHA CHATHAM STREET SHOP 1 TRIANGLE DEVELOPMENT BUILDING, CHATHAM STREET MTHATHA MTHATHA EASTERN CAPE",4280,PEP MTHATHA
"4286 PEP GRAHAMSTOWN MARKET SQUARE SHOP 2 MARKET SQUARE MALL, BEAUFORT STREET WEST STREET GRAHAMSTOWN GRAHAMSTOWN EASTERN CAPE",4286,PEP GRAHAMSTOWN
"4300 PEPCELL CPT KHAYELITSHA MALL KHAYELITSHA MALL, C/O STEVE BIKO ROAD WALTER SISULU ROAD KHAYELITSHA KHAYELITSHA WESTERN CAPE",4300,PEPCELL CPT
"4301 PEPCELL PAROW CENTRE SHOP G79 PAROW CENTRE, CORNER VOORTREKKER ROAD DE LA REY ROAD PAROW PAROW WESTERN CAPE",4301,PEPCELL PAROW
"4303 PEPCELL CPT N1 CITY SHOP N1 CITY MALL, LOUWTJIE ROTHMAN STREET GOODWOOD CAPE TOWN WESTERN CAPE",4303,PEPCELL CPT
"4307 PEPCELL SOWETO MAPONYA MALL SHOP 142 MAPONYA MALL , OLD POTCHEFSTROOM ROAD KLIPSPRUIT SOWETO GAUTENG",4307,PEPCELL SOWETO
"4309 PEPCELL GERMISTON GOLDENWALK SHOP 64 GOLDENWALK SHOPPING CENTRE, 64 VICTORIA STREET GERMISTON GERMISTON GAUTENG",4309,PEPCELL GERMISTON
"4310 PEPCELL ROODEPOORT WESTGATE 1 SHOP 1 WESTGATE MALL , 25A ONTDEKKERS ROAD ROODEPOORT ROODEPOORT GAUTENG",4310,PEPCELL ROODEPOORT
"4318 PEPCELL TEMBISA PLAZA SHOP 14 TEMBISA PLAZA , 14 ANDREW MAPHETO STREET TEMBISA TEMBISA GAUTENG",4318,PEPCELL TEMBISA
"4320 PEPCELL VEREENIGING MARKPARK SHOP 57 A MARKPARK CENTRE , VOORTREKKER STREET VEREENIGING VEREENIGING GAUTENG",4320,PEPCELL VEREENIGING
"4324 PEPCELL SOUTHGATE MALL SHOP L159 SOUTHGATE MALL , COLUMBINE AVENUE RIFLE RANGE ROAD SOUTHGATE JOHANNESBURG GAUTENG",4324,PEPCELL SOUTHGATE
"4325 PEPCELL CPT GUGULETHU SQUARE SHOP 36 GUGULETHU SQUARE, C/O NY 6 and NY 3 STEVE BIKO STREET GUGULETU CAPE TOWN WESTERN CAPE",4325,PEPCELL CPT
"4329 PEPCELL CHRIS HANI CROSSING SHOP 16 CHRIS HANI CROSSING , CORNER BRIEKFIELD ROAD BIERMAN ROAD VOSLOORUS VOSLOORUS GAUTENG",4329,PEPCELL CHRIS
"4330 PEPCELL HAMMANSKRAAL RENBRO SHOP B08 RENBRO SHOPPING CENTRE, GREAT NORTH ROAD HAMMANSKRAAL HAMMANSKRAAL GAUTENG",4330,PEPCELL HAMMANSKRAAL
"4333 PEPCELL KHAYELITSHA LINK MALL SHOP 25 NONKQUBELA LINK MALL, SULANI DRIVE KHAYELITSHA KHAYELITSHA WESTERN CAPE",4333,PEPCELL KHAYELITSHA
"4336 PEPCELL UITENHAGE MALL SHOP H2A UITENHAGE MALL, MARKET STREET CHURCH STREET UITENHAGE UITENHAGE EASTERN CAPE",4336,PEPCELL UITENHAGE
"4341 PEPCELL VEREENIGING THABONG SC SHOP NO B08 THABONG SHOPPING CENTRE, B 08 MOSLOESHOE STREET SEBOKENG SEBOKENG GAUTENG",4341,PEPCELL VEREENIGING
"4345 PEPCELL JHB THE BRIDGE SC SHOP GO3 THE BRIDGE SHOPPING CENTRE , KING GEORGE STREET NOORD STREET JOHANNESBURG JOHANNESBURG GAUTENG",4345,PEPCELL JHB
"4346 PEPCELL THOHOYANDOU SANLAM SHOP 4 SANLAM BUILDING, MPHEPHU STREET THOHOYANDOU THOHOYANDOU LIMPOPO",4346,PEPCELL THOHOYANDOU
"4348 PEPCELL NELSPRUIT PLAZA SHOP 28 34 41 NELSPRUIT PLAZA, 7 HENSHALL STREET NELSPRUIT NELSPRUIT MPUMALANGA",4348,PEPCELL NELSPRUIT
"4349 PEPCELL TWIN CITY KRUIS STR SHOP 41 TWIN CITY MALL, KRUIS STREET BURGERSFORT BURGERSFORT LIMPOPO",4349,PEPCELL TWIN
"4354 PEPCELL BFN CENTRAL PARK SHOP 118 CENTRAL PARK SHOPPING CENTRE, C/O HANGER STREET PEET AVENUE BLOEMFONTEIN BLOEMFONTEIN FREE STATE",4354,PEPCELL BFN
"4357 PEPCELL CPT ST.GEORGES MALL SHOP 1 ST.GEORGES MALL, C/O HOUT STREET & ST GEORGES MALL CAPE TOWN CAPE TOWN WESTERN CAPE",4357,PEPCELL CPT
"4358 PEPCELL KIMBERLEY SHOP 2 SHOPRITE CENTRE, CNR YORK STREET CHAPEL STREET KIMBERLEY NORTH KIMBERLEY NORTHERN CAPE",4358,PEPCELL KIMBERLEY
"4361 PEPCELL MITCHELLS PLAIN OK CTR SHOP GF012 OK BAZAARS CENTRE, SYMPHONY WALK MITCHELLS PLAIN MITCHELLS PLAIN WESTERN CAPE",4361,PEPCELL MITCHELLS
"4364 PEPCELL TZANENG MALL KIOSK 5-6 TZANENG MALL, 24-26 DANIE JOUBERT STREET TZANEEN TZANEEN LIMPOPO",4364,PEPCELL TZANENG
"4366 PEPCELL PTA MAPHALLA STREET SHOP J07 MAMELODI CROSSING , MAPHALLA STREET STORMVOEL ROAD MAMELODI MAMELODI GAUTENG",4366,PEPCELL PTA
"4367 PEPCELL KLERKSDORP CITY MALL SHOP 33 CITY MALL, CORNER OLIVER TAMBO STREET NESER STREET KLERKSDORP KLERKSDORP NORTH WEST",4367,PEPCELL KLERKSDORP
"4372 PEPCELL LANDROS MAREE STR SHOP 10 PIONEER BUILDING, LANDROS MAREE STREET POLOKWANE POLOKWANE LIMPOPO",4372,PEPCELL LANDROS
"4374 PEPCELL PTA SAMMY MARKS SQUARE SHOP 3, 13 SAMMY MARKS SQUARE, CNR VAN DER WALT AVENUE & VERMEULEN STREET PRETORIA PRETORIA GAUTENG",4374,PEPCELL PTA
"4375 PEPCELL EMPANGENI SHOP 13B OK CENTRE, COMMERCIAL ROAD BIYELA ROAD EMPANGENI EMPANGENI KWAZULU-NATAL",4375,PEPCELL EMPANGENI
"4383 PEPCELL NORTHAM PLAZA SHOP 15 NORTHAM PLAZA , PROVIDENCIAL ROAD 1235 E162 NORTHAM RUSTENBURG LIMPOPO",4383,PEPCELL NORTHAM
"4385 PEPCELL VRYHEID PLAZA SHOP 49 ABAQULISI PLAZA, C/O UTRECHT & MASON STREET VRYHEID VRYHEID KWAZULU-NATAL",4385,PEPCELL VRYHEID
"4387 PEPCELL NEWCASTLE PB CENTRE SHOP 9 PB CENTRE, 32 KIRKLAND DRIVE NEWCASTLE NEWCASTLE KWAZULU-NATAL",4387,PEPCELL NEWCASTLE
"4392 PEPCELL GOLDEN ACRE SHOP C68 GOLDEN ACRE MALL, 9 ADDERLEY STREET CAPE TOWN CAPE TOWN WESTERN CAPE",4392,PEPCELL GOLDEN
"4398 PEPCELL PTA QUAGGA CENTRE SHOP 9 QUAGGA CENTRE, C/O QUAGGA STEET CHURCH STREET PRETORIA WEST PRETORIA GAUTENG",4398,PEPCELL PTA
"4399 PEPCELL KW TOWN FLEET STREET SHOP _ BUILDING _, FLEET STREET KING WILLIAMS TOWN KING WILLIAMS TOWN EASTERN CAPE",4399,PEPCELL KW
"4405 PEPCELL PTA MIDDESTAD CENTRE SHOP 55A MIDDESTAD CENTRE, 252 ANDRIES STREET PRETORIA PRETORIA GAUTENG",4405,PEPCELL PTA
"4412 PEPCELL LIBRARY GARDENS SHOP 4-5B LIBRARY GARDENS, C/O GROBLER STREET HANS VAN RENSBURG STREET POLOKWANE POLOKWANE LIMPOPO",4412,PEPCELL LIBRARY
"4413 PEPCELL THOHOYANDOU GAME SHOP 6 GAME CENTRE, MAIN ROAD (R523) THOHOYANDOU THOHOYANDOU LIMPOPO",4413,PEPCELL THOHOYANDOU
"4416 PEPCELL CATHEDRAL SQUARE SHOP 4B CATHEDRAL SQUARE, C/O MADEIRA STREET NELSON MANDELA STREET MTHATHA MTHATHA EASTERN CAPE",4416,PEPCELL CATHEDRAL
"4418 PEPCELL PTA STATION SQUARE SHOP 7 STATION SQUARE , SCHEIDING STREET PRETORIA PRETORIA GAUTENG",4418,PEPCELL PTA
"4425 PEPCELL LIBERTY PROMENADE SHOP 33B LIBERTY PROMENADE, C/O AZ BERMAN DRIVE MORGENSTER ROAD MITCHELLS PLAIN MITCHELLS PLAIN WESTERN CAPE",4425,PEPCELL LIBERTY
"4427 PEPCELL MAFIKENG NORTHWEST SHOP 21A NORTHWEST MALL, C/O STATION ROAD MAIN STREET MAFIKENG MAFIKENG NORTH WEST",4427,PEPCELL MAFIKENG
"4428 PEPCELL BENONI LAKESIDE MALL SHOP L 7A LAKESIDE MALL, TOM JONES STREET FARRARMERE BENONI GAUTENG",4428,PEPCELL BENONI
"4433 PEPCELL MDANTSANE CITY SHOP 101 MDANTSANE CITY CENTRE, 131 BRUG STREET MDANTSANE MDANTSANE EASTERN CAPE",4433,PEPCELL MDANTSANE
"4434 PEPCELL JHB DAVEYTON HEALD STR SHOP 11 SHOPRITE CENTRE, HEALD STREET DAVEYTON BENONI GAUTENG",4434,PEPCELL JHB
"4441 PEPCELL SIMUNYE CENTRE SHOP 5 SIMUNYE CENTRE, 6 OLD MAIN ROAD PINETOWN PINETOWN KWAZULU-NATAL",4441,PEPCELL SIMUNYE
"4442 PEPCELL MTHATHA PLAZA SHOP _ MTHATHA PLAZA, 35 NELSON MANDELA DRIVE MTHATHA MTHATHA EASTERN CAPE",4442,PEPCELL MTHATHA
"4443 PEPCELL RICHARDS BAY CHECKERS SHOP 17A CHECKERS CENTRE, SHILLING SWING STREET RICHARDS BAY RICHARDS BAY KWAZULU-NATAL",4443,PEPCELL RICHARDS
"4452 PEPCELL PONGOLA CITY MALL SHOP 22 PONGOLA CITY MALL, C/O NAUDE STREET & JAN MIELIE STREET PONGOLA PONGOLA KWAZULU-NATAL",4452,PEPCELL PONGOLA
"4453 PEPCELL ESHOWE SHOP 4 ELLERINES BUILDING, 13-15 OSBORNE ROAD ESHOWE ESHOWE KWAZULU-NATAL",4453,PEPCELL ESHOWE
"4454 PEPCELL JHB DAVEYTON MALL SHOP 27 DAVEYTON MALL, C/O EISELEN STREET TURTON STREET DAVEYTON BENONI GAUTENG",4454,PEPCELL JHB
"4455 PEPCELL DUNDEE SHOPRITE CENTRE SHOP 1A SHOPRITE CENTRE, 66 WILSON STREET DUNDEE DUNDEE KWAZULU-NATAL",4455,PEPCELL DUNDEE
"4456 PEPCELL COFIMVABA SUPERSAVE SHOP 3B SUPERSAVE CENTRE, MAIN STREET COFIMVABA COFIMVABA EASTERN CAPE",4456,PEPCELL COFIMVABA
"4459 PEPCELL TWIN CITY DIRK WINT ST SHOP 5 TWIN CITY MALL, DIRK WINTERBACH STREET BURGERSFORT BURGERSFORT LIMPOPO",4459,PEPCELL TWIN
"4468 PEPCELL POTCH RIVER WALK SHOP 8 RIVER WALK SHOPPING CENTRE, MOOIRIVIER DRIVE POTCHEFSTROOM POTCHEFSTROOM NORTH WEST",4468,PEPCELL POTCH
"4472 PEPCELL MURCHISON MALL LOWER LG 20 MURCHISON MALL, 262 MURCHISON STREET LADYSMITH LADYSMITH KWAZULU-NATAL",4472,PEPCELL MURCHISON
"4478 PEPCELL QUEENSTOWN NONESI MALL SHOP 48 NONESI MALL, KOMANI STREET QUEENSTOWN QUEENSTOWN EASTERN CAPE",4478,PEPCELL QUEENSTOWN
"4479 PEPCELL MALL@EMBA SHOP 77B MALL@EMBALENHLE, C/O MBALENHLE AVE & EMBA MAIN ROAD EMBALENHLE SECUNDA MPUMALANGA",4479,PEPCELL MALL@EMBA
"4481 PEPCELL BUTTERWORTH FINGOLAND SHOP 29 FINGOLAND MALL, C/O ACADEMY STREET UMTATA ROAD (N2) BUTTERWORTH BUTTERWORTH EASTERN CAPE",4481,PEPCELL BUTTERWORTH
"4485 PEPCELL RICHARDS BAY BOARDWALK SHOP U004 BOARDWALK INKWAZI, KRUGERRAND ROAD RICHARDS BAY RICHARDS BAY KWAZULU-NATAL",4485,PEPCELL RICHARDS
"4486 PEPCELL KHAYELITSHA SITE-C SHOP 16 SHOPRITE SITE C PLAZA, C/O SOLOMON TSHUKU DRIVE IDADA AVENUE KHAYELITSHA KHAYELITSHA WESTERN CAPE",4486,PEPCELL KHAYELITSHA
"4487 PEPCELL JHB CARLTON CENTRE SHOP G20 CARLTON CENTRE, C/O COMMISSIONER STREET KRUIS STREETS JOHANNESBURG JOHANNESBURG GAUTENG",4487,PEPCELL JHB
"4491 PEPCELL MARIKANA SHOP 17,MARIKANA SHOPPING CENTRE, MARIKANA SHOPPING CENTRE MAIN ROAD MARIKANA MARIKANA NORTH WEST",4491,PEPCELL MARIKANA
"4494 PEPCELL PTA SCOTTS CORNER SHOP 3 SCOTTS CORNER, C/O BLOED STREET & VAN DER WALT STREET PRETORIA PRETORIA GAUTENG",4494,PEPCELL PTA
"4495 PEPCELL MATATIELE RHINO CENTRE SHOP 26B RHINO SHOPPING CENTRE, STATION ROAD MATATIELE MATATIELE EASTERN CAPE",4495,PEPCELL MATATIELE
"4497 PEPCELL PE NEW BRIGHTON KENAKO SHOP 34B KENAKO MALL, C/O UITENHAGE ROAD SPONDO STREET NEW BRIGHTON PORT ELIZABETH EASTERN CAPE",4497,PEPCELL PE
"4500 PEPCELL TAUNG SQUARE SHOP 12, TAUNG SQUARE, MAIN STREET TAUNG TAUNG NORTH WEST",4500,PEPCELL TAUNG
"4506 PEP GROBLERSDAL VAN RIEBEECK SHOP 208 , VAN RIEBEECK STREET GROBLERSDAL GROBLERSDAL LIMPOPO",4506,PEP GROBLERSDAL
"4512 PEP MALELANE INGWE S CENTRE SHOP 13 INGWE SHOPPING CENTRE , IMPALA STREET MALELANE MALELANE MPUMALANGA",4512,PEP MALELANE
"4525 PEP TZANEEN CROSSING SHOP 24 TZANEEN CROSSING, LYDENBURG ROAD TZANEEN TZANEEN LIMPOPO",4525,PEP TZANEEN
"4527 PEP VRYHEID 226 CHURCH STREET SHOP 2 BUILDING_, 226 CHURCH STREET VRYHEID VRYHEID KWAZULU-NATAL",4527,PEP VRYHEID
"4537 PEPCELL PHUTHADITJHABA MANDELA SHOP 17A MANDELA PARK SHOPPING CENTRE, MOTA ROAD PHUTHADITJHABA PHUTHADITJHABA FREE STATE",4537,PEPCELL PHUTHADITJHABA
"4539 PEPCELL NKOMO VILLAGE PTA SHOP 3215-C03 NKOMO VILLAGE, C/O CHURCH STREET AND TLOU STREET ATTERIDGEVILLE PRETORIA GAUTENG",4539,PEPCELL NKOMO
"4542 PEPCELL MAMS MALL MAMELODI PTA SHOP 20 MAMS MALL, TSAMAYA AVENUE MAMELODI PRETORIA GAUTENG",4542,PEPCELL MAMS
"4544 PEPCELL UMZIMKULU DEBRUYN MALL SHOP NO 7 DE BRUYN MALL, MAIN STREET UMZIMKULU UMZIMKULU KWAZULU-NATAL",4544,PEPCELL UMZIMKULU
"4554 PEPCELL PHILIPPI JUNXION MALL SHOP 6 THE JUNXION MALL, C/O NEW EISLEBEN ROAD JAPHTA K MASEMOLA ROAD PHILIPPI CAPE TOWN WESTERN CAPE",4554,PEPCELL PHILIPPI
"4555 PEPCELL PORT ST JOHNS SHOP 1 MEEC BANK CENTRE, BRIDGE STREET PORT ST JOHNS PORT ST JOHNS EASTERN CAPE",4555,PEPCELL PORT
"4565 PEPCELL UMZINTO BHAI CENTRE SHOP B7 BHAI CENTRE, MAIN RD UMZINTO UMZINTO KWAZULU-NATAL",4565,PEPCELL UMZINTO
"4571 PEPCELL PE PIER 14 SHOP 28B PIER 14 SHOPPING CENTRE, 444 GOVEN MBEKI AVENUE NORTH END PORT ELIZABETH EASTERN CAPE",4571,PEPCELL PE
"4572 PEPCELL KIMBERLEY DIAMOND PAV SHOP 21 DIAMOND PAVILION, C/O OLIVER & MAC DOUGALL STREET MONUMENT HEIGHTS KIMBERLEY NORTHERN CAPE",4572,PEPCELL KIMBERLEY
"4574 PEPCELL PINETOWN HILL STREET SHOP 32, HILL STREET NEW GERMANY PINETOWN KWAZULU-NATAL",4574,PEPCELL PINETOWN
"4578 PEPCELL QUMBU PLAZA SHOP QUMBU PLAZA, Auburt St QUMBU QUMBU EASTERN CAPE",4578,PEPCELL QUMBU
"4579 PEPCELL EYETHU ORANGE FARM SHOP L3C2 EYETHU ORANGE FARM, GOLDEN HIGHWAY ORANGE FARM ORANGE FARM GAUTENG",4579,PEPCELL EYETHU
"4580 PEPCELL TEMBISA BIRCH ACRES SQ SHOP 9 BIRCH ACRES SQUARE, C/O ANDREW MAPHETA & ISIMUKU STREET BIRCH ACRES TEMBISA GAUTENG",4580,PEPCELL TEMBISA
"4582 PEPCELL METROPOLITAN CENTRE SHOP C05 METROPOLITAN CENTRE, C/O EADIE & BOTHA AVENUE WITBANK WITBANK MPUMALANGA",4582,PEPCELL METROPOLITAN
"4593 PEPCELL MIDDELBURG MALL (MP) SHOP 12 MIDDELBURG MALL, C/O FONTEIN & TSWELOPELE AVENUE MIDDELBURG MIDDELBURG MPUMALANGA",4593,PEPCELL MIDDELBURG
"4621 PEPCELL PE MOTHERWELL SHOP 14 MOTHERWELL SHOPPING CENTRE, C/O NYARA & TYINIRA STREET PORT ELIZABETH PORT ELIZABETH EASTERN CAPE",4621,PEPCELL PE
"4622 PEPCELL TEMBISA MALL SHOP G37 MALL OF TEMBISA , C/O ALUMINIUM & R563 TEMBISA TEMBISA GAUTENG",4622,PEPCELL TEMBISA
"4623 PEPCELL TEMBISA MALL SHOP F28 MALL OF TEMBISA, C/O ALUMINIUM & R563 TEMBISA TEMBISA GAUTENG",4623,PEPCELL TEMBISA
"4626 PEPCELL PORT SHEPSTONE SHOP 10 ORIBI PLAZA, AIKAN STREET PORT SHEPSTONE PORT SHEPSTONE KWAZULU-NATAL",4626,PEPCELL PORT
"4631 PEPCELL MTHATHA CIRCUS SHOP 16 CIRCUS TRIANGLE SHOPPING CENTRE , C/O SUTHERLAND & CATHAM STREET MTHATHA MTHATHA EASTERN CAPE",4631,PEPCELL MTHATHA
"4632 PEPCELL RANDFONTEIN SHOP 7 UMPHAKATHI MALL, C/O R55 & R28 MOHLAKENG RANDFONTEIN RANDFONTEIN GAUTENG",4632,PEPCELL RANDFONTEIN
"4633 PEPCELL THOHOYANDOU MVUSULUDZO SHOP 37B MVUSULUDZO MALL , GARDEN ROUTE THOHOYANDOU THOHOYANDOU LIMPOPO",4633,PEPCELL THOHOYANDOU
"4640 PEPCELL BRACKENFELL CAPE GATE SHOP U68 BRACKENFELL CAPE GATE , C/O DE BRON & OKOVANGO DRIVE BRACKENFELL CAPE TOWN WESTERN CAPE",4640,PEPCELL BRACKENFELL
"4641 PEPCELL KIMBERLEY KIMPARK SHOP 12 KIMPARK, C/O LENNOX & CHAPEL STR KIMBERLEY KIMBERLEY NORTHERN CAPE",4641,PEPCELL KIMBERLEY
"4642 PEPCELL RICHRDS BAY JUNCTION SHOP 5, C/O BULLION & KRUGER RAND ROAD RICHARDS BAY RICHARDS BAY KWAZULU-NATAL",4642,PEPCELL RICHRDS
"4645 PEPCELL GREENACRES CENTRE SHOP 11 GREENACRES SHOPPING CENTRE, 1 RING RD PORT ELIZABETH PORT ELIZABETH EASTERN CAPE",4645,PEPCELL GREENACRES
"4649 PEPCELL NELSPRUIT EKUKHANYENI SHOP 5 EKUKHANYENI CENTRE, BROWN STREET NELSPRUIT NELSPRUIT MPUMALANGA",4649,PEPCELL NELSPRUIT
"4650 PEPCELL VEREENIGING RIVER SQR SHOP P10 RIVER SQUARE SHOPPING CENTRE, NILE DRIVE THREE RIVERS VEREENIGING GAUTENG",4650,PEPCELL VEREENIGING
"4656 PEPCELL EMPANGENI SANLUM CNTR SHOP 232 SANLAM CENTRE, MAXWELL STREET EMPANGENI EMPANGENI KWAZULU-NATAL",4656,PEPCELL EMPANGENI
"4660 PEPCELL SOWETO DLAMINI SHOP 4 DLAMINI SHOPPING CENTRE, C/O CHRIS HANI & MTAMBO STREET DLAMINI SOWETO GAUTENG",4660,PEPCELL SOWETO
"4665 PEPCELL EL VINCENT PARK SHOP U100 VINCET PARK MALL, C/O DEVEREUX AVENUE & SURRAY ROAD VINCENT EAST LONDON EASTERN CAPE",4665,PEPCELL EL
"4677 PEPCELL CT MILNERTON DUNOON SHOP 4 STABLES SHOPPING CENTRE, POSTDAM RD DUNOON MILNERTON WESTERN CAPE",4677,PEPCELL CT
"4679 PEPCELL ROBERTSON SHOPRITE SHOP 9A ROBERTSON SHOPRITE, 18 HOOP STREET ROBERTSON ROBERTSON WESTERN CAPE",4679,PEPCELL ROBERTSON
"4691 PEPCELL SOWETO DOBSON POINT SHOP 04 DOBSON POINT SHOPPING CENTRE, 52 MOTAJANA STREET DOBSONVILLE SOWETO GAUTENG",4691,PEPCELL SOWETO
"4698 PEPCELL PTA MAMELODI SQUARE SHOP 19 MAMELODI SQUARE, C/O TSAMAYA & SHILOVHANE AVENUES MAMELODI PRETORIA GAUTENG",4698,PEPCELL PTA
"4702 PEPCELL DBN THE WORKHOP SHOP 11 THE WORKHOP CENTRE, 99 SAMORA MACHEL STREET DURBAN DURBAN KWAZULU-NATAL",4702,PEPCELL DBN
"4709 PEPCELL GREENACRES SHOP B19, THE BRIDGE SHOPPING CENTRE, CNR CAPE ROAD & CJ LANGENHOVEN DRIVE GREENACRES PORT ELIZABETH PORT ELIZABETH EASTERN CAPE",4709,PEPCELL GREENACRES
"4712 PEPCELL BRITS SPOORWEG STREET SHOP 15 SIPARA CENTRE, SPOORWEG STREET BRITS BRITS NORTH WEST",4712,PEPCELL BRITS
"4715 PEPCELL NELSPRUIT PROMENADE SHOP 49,PROMENADE, CNR SAMORA MACHEL & HENSHALL STREET NELSPRUIT NELSPRUIT MPUMALANGA",4715,PEPCELL NELSPRUIT
"4717 PEPCELL VERULAM CITY MALL SHOP L2A, CITY MALL, 69 WICK STREET VERULAM VERULAM KWAZULU-NATAL",4717,PEPCELL VERULAM
"4723 PEPCELL DIEPKLOOF SQUARE SHOP 11 DIEPKLOOF SQUARE, C/O IMMINK DRIVE EBEN CUYLER DRIVE DIEPKLOOF DIEPKLOOF GAUTENG",4723,PEPCELL DIEPKLOOF
"4724 PEPCELL PORT SHEPSTONE SHOP 6, SHOPRITE, ROBINSON ROAD & WOOLEY STREET PORT SHEPSTONE PORT SHEPSTONE KWAZULU-NATAL",4724,PEPCELL PORT
"4725 PEPCELL MORULENG MALL SHOP 30A, MORULENG MALL, MAIN HOSPITAL ROAD (50-1) SAULSPOORT MORULENG NORTH WEST",4725,PEPCELL MORULENG
"4726 PEPCELL SESHEGO CIRCLE SHOP 12, SESHEGO CIRCLE, DITLOU STREET POLOKWANE POLOKWANE LIMPOPO",4726,PEPCELL SESHEGO
"4731 PEPCELL RICHARDS BAY BOARDWALK SHOP L71B,BOARDWALK, INKWAZI, KRUGER RAND ROAD RICHARDS BAY RICHARDS BAY KWAZULU-NATAL",4731,PEPCELL RICHARDS
"4732 PEPCELL KRUGERSDORP KAGISO SHOP 27, KAGISO MALL, CNR RANDFONTEIN ROAD & KAGISO STREET KAGISO KRUGERSDORP GAUTENG",4732,PEPCELL KRUGERSDORP
"4737 PEPCELL MIDSTONE MALL MHLUZI MIDSTONE MALL, C/O IKANGENG STREET TSWELOPELE ROAD MIDDELBURG MIDDELBURG MPUMALANGA",4737,PEPCELL MIDSTONE
"4740 PEPCELL EMPANGENI SANLAM CENTR SHOP 112A, EMPANGENI SANLAM CENTRE, MAXWELL STREET EMPANGENI EMPANGENI KWAZULU-NATAL",4740,PEPCELL EMPANGENI
"4741 PEPCELL PMB SELGRO CENTRE SELGRO CENTRE, C/O CHURCH STREET BOSHOFF STREET PIETERMARITZBURG PIETERMARITZBURG KWAZULU-NATAL",4741,PEPCELL PMB
"4742 PEPCELL DBN PHOENIX PLAZA SHOP 93, PHOENIX PLAZA, 19 PARTHENON STREET PHOENIX DURBAN KWAZULU-NATAL",4742,PEPCELL DBN
"4743 PEPCELL DAYIZENZA PLAZA SHOP 12, DAYIZENZA PLAZA, R538 & R569 NUMBI NELSPRUIT MPUMALANGA",4743,PEPCELL DAYIZENZA
"4744 PEPCELL WITBANK KWA GUQA MALL SHOP 21B KWA-GUQA MALL, C/O MATTHEW PHOSA ROAD & N4 KWAGUQA WITBANK MPUMALANGA",4744,PEPCELL WITBANK
"4746 PEPCELL LOWVELD MALL (PNP) SHOP 168 LOWVELD MALL, PORTIA SHABANGU DRIVE HAZYVIEW HAZYVIEW MPUMALANGA",4746,PEPCELL LOWVELD
"4747 PEPCELL LOWVELD MALL (SPAR) SHOP 12 LOWVELD MALL, C/O R40 MAIN ROAD PORTIA SHABANGU DRIVE HAZYVIEW HAZYVIEW MPUMALANGA",4747,PEPCELL LOWVELD
"4748 PEPCELL MALUTI CRESCENT SHOP 29A, SETSING CRESCENT, C/O SETAI STREET & MOTLAING STREET PHUTHADITJHABA PHUTHADITJHABA FREE STATE",4748,PEPCELL MALUTI
"4756 PEPCELL PTA MAMELODI MAHUBE SHOP 6I, MAHUBE SHOPPING CENTRE, CNR K54 & TSHAMAYA AVENUE MAMELODI MAMELODI GAUTENG",4756,PEPCELL PTA
"4759 PEPCELL THOHOYANDOU MUTSINDO SHOP 22 MUTSINDO MALL, C/O TSHANDUKO STREET GARDEN ROUTE THOHOYANDOU THOHOYANDOU LIMPOPO",4759,PEPCELL THOHOYANDOU
"4767 PEPCELL KABOKWENI PLAZA SHOP 205A, KABOKWENI PLAZA, MAIN ROAD WHITE RIVER WHITE RIVER MPUMALANGA",4767,PEPCELL KABOKWENI
"4768 PEPCELL BELA-BELA SHOPRITE SHOP E SHOPRITE CENTRE, C/O MARX STREET SUTTER ROAD BELA-BELA BELA-BELA LIMPOPO",4768,PEPCELL BELA-BELA
"4780 PEPCELL BOTSHABELO RCM COMPLEX SHOP R07A RCM COMPLEX, C/O STRAND STREET RE-A-HOLA STREET BOTSHABELO BOTSHABELO FREE STATE",4780,PEPCELL BOTSHABELO
"4786 PEPCELL PAARL SHOPRITE CENTRE SHOP 37B, SHOPRITE CENTRE, CNR BERGRIVER BOULEVARD & VAN DER LINGEN STREET PAARL PAARL WESTERN CAPE",4786,PEPCELL PAARL
"4787 PEPCELL BRITS MALL SHOP 101 BRITS MALL, C/O HENDRIK VERWOERD AVENUE MAPLE AVENUE BRITS BRITS NORTH WEST",4787,PEPCELL BRITS
"4793 PEPCELL PTA BLOED STREET SHOP 3B, BLOED STREET MALL, BLOED STREET & LILIAN NGOYI STREET PRETORIA PRETORIA GAUTENG",4793,PEPCELL PTA
"4796 PEPCELL GRAHAMSTOWN MRKT SQRE SHOP 5B MARKET SQUARE, C/O BEAUFORT STREET WEST STREET GRAHAMSTOWN GRAHAMSTOWN EASTERN CAPE",4796,PEPCELL GRAHAMSTOWN
"4798 PEPCELL NEWCASTLE TAXI CITY SHOP 6A-B, TAXI CITY, CNR ALLEN STREET & KIRKLAND STREET NEWCASTLE NEWCASTLE KWAZULU-NATAL",4798,PEPCELL NEWCASTLE
"4799 PEPCELL TEMBISA TEMBI MALL SHOP 11 TEMBI MALL, C/O GEORGE NYANGA DRIVE SHEBA STREET TEMBISA TEMBISA GAUTENG",4799,PEPCELL TEMBISA
"4800 PEPCELL PRESIDENT VAAL SQUARE SHOP 12, PRESIDENT VAAL SQUARE, PLAYFAIR BOULEVARD VEREENIGING VEREENIGING GAUTENG",4800,PEPCELL PRESIDENT
"4801 PEPCELL PTA CENTRE WALK SHOP 14, CENTRE WALK, 266 PRETORIUS STREET PRETORIA PRETORIA GAUTENG",4801,PEPCELL PTA
"4804 PEPCELL MANKWENG PALEDI MALL SHOP 43, PALEDI MALL, R71 TURFLOOP SOVENGA LIMPOPO",4804,PEPCELL MANKWENG
"4806 PEPCELL DELMAS WILLOW CORNER WILLOW CORNER SHOPPING CENTRE, C/O SAREL CILLIERS STREET 2ND AVENUE DELMAS DELMAS MPUMALANGA",4806,PEPCELL DELMAS
"4807 PEPCELL CPT MPLAIN PROMENADE LIBERTY PROMENADE, C/O AZ BERMAN DRIVE MORGENSTER ROAD MITCHELLS PLAIN MITCHELLS PLAIN WESTERN CAPE",4807,PEPCELL CPT
"4810 PEPCELL PTA STANDARD BANK SHOP 39B, STANDARD BANK BUILDING, CENTRAL STREET PRETORIA PRETORIA GAUTENG",4810,PEPCELL PTA
"4812 PEPCELL KURUMAN SHOP 8, SHOPRITE CENTRE, LIVINGSTONE STREET KURUMAN KURUMAN NORTHERN CAPE",4812,PEPCELL KURUMAN
"4819 PEPCELL MATATIELE BOXER CENTRE SHOP 7 BOXER CENTRE, 82 NORTH STREET MATATIELE MATATIELE EASTERN CAPE",4819,PEPCELL MATATIELE
"4824 PEPCELL CPT NYANGA JUNCTION SHOP FC5 NYANGA JUNCTION SHOPPING CENTRE, DUINEFONTEIN ROAD NYANGA CAPE TOWN WESTERN CAPE",4824,PEPCELL CPT
"4825 PEPCELL ROODEPOORT VAN WYK STR SHOP 01, MERLIN HOUSE, VAN WYK STREET ROODEPOORT ROODEPOORT GAUTENG",4825,PEPCELL ROODEPOORT
"4828 PEP CELL TUGELA FERRY MALL SHOP 10, TUGELA FERRY MALL, R33 MAIN ROAD TUGELA FERRY TUGELA FERRY KWAZULU-NATAL",4828,PEP CELL
"4829 PEPCELL MTHATHA NGEBS CITY SHOP 55, MTHATHA NGEBS CITY, ERROL SPRING AVENUE MTHATHA MTHATHA EASTERN CAPE",4829,PEPCELL MTHATHA
"4832 PEPCELL PMB CAPITAL CENTRE CAPITAL CENTRE, C/O MURPHY STREET CHURCH STREET PIETERMARITZBURG PIETERMARITZBURG KWAZULU-NATAL",4832,PEPCELL PMB
"4833 PEPCELL EMOYENI MALL EMOYENI MALL, C/O JUPITER STREET MVULA STREET MSOGWABA NELSPRUIT MPUMALANGA",4833,PEPCELL EMOYENI
"4834 PEPCELL BIRCH ACRES MALL SHOP 33, BIRCH ACRES MALL, ANDREW MAPHETO DRIVE TEMBISA TEMBISA GAUTENG",4834,PEPCELL BIRCH
"4835 PEPCELL KAMAQHEKEZA PLAZA SHOP 11, KAMAQHEKEZA PLAZA, MAIN ROAD (R571) KAMAQHEKEZA NELSPRUIT MPUMALANGA",4835,PEPCELL KAMAQHEKEZA
"4836 PEPCELL SOWETO MAPONYA MALL SHOP 124 MAPONYA MALL, CHRIS HANI ROAD KLIPSPRUIT SOWETO GAUTENG",4836,PEPCELL SOWETO
"4839 PEPCELL CHRIS HANI CROSSING SHOP 36 CHRIS HANI CROSSING, C/O BIERMAN ROAD BRICKFIELD ROAD VOSLOORUS VOSLOORUS GAUTENG",4839,PEPCELL CHRIS
"4842 PEPCELL GOLDSFIELDS MALL SHOP 4, WELKOM GOLDSFIELDS MALL, CNR STATEWAY BOULEVARD & BUITEN STREET WELKOM WELKOM FREE STATE",4842,PEPCELL GOLDSFIELDS
"4844 PEPCELL QUMBU SHOPPING CENTRE SHOP 26, QUMBU SHOPPING CENTRE, 266 HOPE STREET QUMBU QUMBU EASTERN CAPE",4844,PEPCELL QUMBU
"4845 PEPCELL BUFFALO CENTRE SHOP 4C, BUFFALO CENTRE, 42-44 BUFFALO STREET & TERMINUS STREET EAST LONDON EAST LONDON EASTERN CAPE",4845,PEPCELL BUFFALO
"4846 PEPCELL CPT BLUE ROUTE MALL SHOP G258 BLUE ROUTE MALL, C/O TOKAI ROAD VANS ROAD TOKAI CAPE TOWN WESTERN CAPE",4846,PEPCELL CPT
"4847 PEPCELL YORK STREET SHOP 1, CITY CENTRE, CNR YORK STREET & SUTHERLAND STREET MTHATHA MTHATHA EASTERN CAPE",4847,PEPCELL YORK
"4851 PEPCELL WYNBERG MAYNARD MALL SHOP 5 MAYNARD MALL, C/O MAIN ROAD WETTON ROAD WYNBERG CAPE TOWN WESTERN CAPE",4851,PEPCELL WYNBERG
"4854 PEPCELL CPT MIDDESTAD MALL SHOP SH60 MIDDESTAD MALL, C/O CHARL MALAN STREET BELRAIL ROAD BELLVILLE CAPE TOWN WESTERN CAPE",4854,PEPCELL CPT
"4857 PEPCELL GILLWELL CENTRE SHOP UG6, GILLWELL SHOPPING CENTRE, GILLWELL STREET & FLEET STREET EAST LONDON EAST LONDON EASTERN CAPE",4857,PEPCELL GILLWELL
"4858 PEPCELL EMPANGENI BIYELA CENTR SHOP 35, BIYELA CENTRE, 3-7 BIYELA STREET EMPANGENI EMPANGENI KWAZULU-NATAL",4858,PEPCELL EMPANGENI
"4861 PEPCELL CPT MFULENI SHOPRITE SHOP 13 SHOPRITE CENTRE, C/O O NQUBELANI STREET MAIN STREET MFULENI CAPE TOWN WESTERN CAPE",4861,PEPCELL CPT
"4872 PEPCELL BOITUMELO JUNCTION SHOP 47, BOITUMELO JUNCTION, CNR NKOANE WEG & PHAKATI DRIVE WELKOM WELKOM FREE STATE",4872,PEPCELL BOITUMELO
"4876 PEPCELL DAVEYTON MAYFIELD SQ SHOP 9 MAYFIELD SQUARE, LURIE ROAD DAVEYTON BENONI GAUTENG",4876,PEPCELL DAVEYTON
"4882 PEPCELL SOWETO PROTEA GARDENS SHOP 006, PROTEA GARDENS MALL, CHRIS HANI ROAD PROTEA SOUTH SOWETO GAUTENG",4882,PEPCELL SOWETO
"4884 PEPCELL BOKSBURG DAWN PARK SHOP 27A DAWN PARK SHOPPING CENTRE, C/O GALAHAD ROAD DAGBREEK STREET DAWN PARK BOKSBURG GAUTENG",4884,PEPCELL BOKSBURG
"4885 PEPCELL FLAGSTAFF SHOP 1, MAIN STREET FLAGSTAFF FLAGSTAFF EASTERN CAPE",4885,PEPCELL FLAGSTAFF
"4886 PEPCELL PINEWALK CENTRE SHOP 11, PINEWALK CENTRE, 22 KINGS ROAD PINETOWN PINETOWN KWAZULU-NATAL",4886,PEPCELL PINEWALK
"4887 PEPCELL ESTCOURT ITHALA CENTR SHOP S14-S15, ESTCOURT ITHALA SHOPPING CENTRE, HARDING STREET ESTCOURT ESTCOURT KWAZULU-NATAL",4887,PEPCELL ESTCOURT
"4892 PEPCELL MOUNT FRERE NTSIZWA SHOP 10, NTSIZWA MALL, 224 MAIN ROAD MOUNT FRERE MOUNT FRERE EASTERN CAPE",4892,PEPCELL MOUNT
"4893 PEPCELL MTHATHA ELLIOTT BRIDGE SHOP 6, BOXER ELLIOTT, C/O ELLIOTT ROAD & BRIDGE STREET MTHATHA MTHATHA EASTERN CAPE",4893,PEPCELL MTHATHA
"4894 PEPCELL KLERKSDORP TOWER MALL SHOP 10A-B, TOWER MALL, C/O N12 & JABULANI STREET KLERKSDORP KLERKSDORP NORTH WEST",4894,PEPCELL KLERKSDORP
"4898 PEPCELL TSOLO SHOP, MAIN STREET TSOLO TSOLO EASTERN CAPE",4898,PEPCELL TSOLO
"4901 PEPCELL LUSIKISIKI MAIN STREET SHOP 9, MAIN STREET LUSIKISIKI LUSIKISIKI EASTERN CAPE",4901,PEPCELL LUSIKISIKI
"4902 PEPCELL SOWETO DEVLAND CENTRE SHOPRITE DEVLAND CENTRE, C/O JAN DE NECKER DRIVE GOLDEN HIGHWAY (R553) DEVLAND SOWETO GAUTENG",4902,PEPCELL SOWETO
"4905 PEPCELL PHUTHADITJHABA SETSING SHOP 418 A, SETSING PLAZA, MAMPOI STREET (AKA MAIN WITSIESHOEK ROAD) PHUTHADITJHABA PHUTHADITJHABA FREE STATE",4905,PEPCELL PHUTHADITJHABA
"4916 PEPCELL ATLANTIS CITY CENTRE SHOP 20 ATLANTIS CITY SHOPPING CENTRE, C/O WESTFLEUR CIRCLE REYGERSDAL DRIVE ATLANTIS ATLANTIS WESTERN CAPE",4916,PEPCELL ATLANTIS
"4917 PEPCELL ALEX MALL SHOP 67A, ALEX MALL, INTERSECTION OF LONDON ROAD AND M3 ALEXANDRA ALEXANDRA GAUTENG",4917,PEPCELL ALEX
"4919 PEPCELL GREAT NORTH SHOP 55A, GREAT NORTH ROAD PLAZA, CNR SMELTER AVENUE AND GREAT NORTH ROAD (N1) MUSINA MUSINA LIMPOPO",4919,PEPCELL GREAT
"4920 PEPCELL SOWETO NDOFAYA MALL SHOP 4 NDOFAYA MALL, C/O HEKROODT CIRCLE ODENDAAL ROAD MEADOWLANDS SOWETO GAUTENG",4920,PEPCELL SOWETO
"4923 PEPCELL CPT DUNOON ROMA CENTRE ROMA CENTRE, C/O WINNING WAY POTSDAM ROAD DUNOON CAPE TOWN WESTERN CAPE",4923,PEPCELL CPT
"4924 PEPCELL WITBANK DOWNTOWN MALL SHOP 26, DOWNTOWN MALL, 14 DIEDERICHS STREET WITBANK WITBANK MPUMALANGA",4924,PEPCELL WITBANK
"4931 PEPCELL THOHOYANDOU THAVHANI SHOP THAVHANI MALL, R524 THOHOYANDOU THOHOYANDOU LIMPOPO",4931,PEPCELL THOHOYANDOU
"4933 PEPCELL PTA SHARON'S PLACE SHARON'S PLACE, C/O LILIAN NGOYI STREET & JOHANNES RAMOKHOASE STREET PRETORIA PRETORIA GAUTENG",4933,PEPCELL PTA
"4937 PEP CELL KRUGERSDORP.KEY WEST SHOP 75, KEY WEST SHOPPING CENTRE, C/O PAARDEKRAAL DRIVE & VILJOEN STREET KRUGERSDORP KRUGERSDORP GAUTENG",4937,PEP CELL
"4940 PEPCELL QUEENSTOWN ROBINSON RD SHOP 3, 81 ROBINSON ROAD QUEENSTOWN QUEENSTOWN EASTERN CAPE",4940,PEPCELL QUEENSTOWN
"4941 PEPCELL DELFT MALL DELFT MALL, C/O HINDLE ROAD & DELFT MAIN ROAD DELFT CAPE TOWN WESTERN CAPE",4941,PEPCELL DELFT
"4942 PEPCELL KUILSRIVER SHOPRITE SHOPRITE CENTRE, C/O RIEBEECK ROAD NOOIENSFONTEIN ROAD KUILSRIVIER KUILS RIVIER WESTERN CAPE",4942,PEPCELL KUILSRIVER
"4948 PEPCELL ZEERUST SHOP 2, 34 CHURCH STREET ZEERUST ZEERUST NORTH WEST",4948,PEPCELL ZEERUST
"4953 PEPCELL PMB CAMBRIDGE CENTRE CAMBRIDGE CENTRE, 420 PIETERMARTIZ STREET PIETERMARITZBURG PIETERMARITZBURG KWAZULU-NATAL",4953,PEPCELL PMB
"4956 PEPCELL ZEVENWACHT MALL ZEVENWACHT MALL, C/O JAN VAN RIEBEECK POLKADRAAI ROAD KUILS RIVER KUILS RIVER WESTERN CAPE",4956,PEPCELL ZEVENWACHT
"4957 PEPCELL KAALFONTEIN CORNER KAALFONTEIN CORNER, C/O ANGELFISH STREET MAIN ROAD KAALFONTEIN TEMBISA GAUTENG",4957,PEPCELL KAALFONTEIN
"4958 PEPCELL WATERGATE CENTRE WATERGATE CENTRE, C/O AZ BERMAN DRIVE R300 CAPE FLATS ROAD MITCHELLS PLAIN CAPE TOWN WESTERN CAPE",4958,PEPCELL WATERGATE
"4967 PEPCELL VEREENIGING MARK PARK MARK PARK, C/O VOORTREKKER STREET BEACONSFIELD ROAD VEREENIGING VEREENIGING GAUTENG",4967,PEPCELL VEREENIGING
"4968 PEPCELL MUSINA CENTRE MUSINA CENTRE, C/O N1 LIMPOPO AVENUE MUSINA MUSINA LIMPOPO",4968,PEPCELL MUSINA
"4973 PEPCELL KWAGGA PLAZA 2 SHOP 98B KWAGGA PLAZA, C/O R573 MOLOTO ROAD KALUSHI STREET KWAGGAFONTEIN KWAGGAFONTEIN MPUMALANGA",4973,PEPCELL KWAGGA
"4975 PEPCELL DR YUSUF DADOO STREET SHOP, C/O DR PIXLEY KASEME STREET DR YUSUF DADOO STREET DURBAN DURBAN KWAZULU-NATAL",4975,PEPCELL DR
"4981 PEPCELL MIDDELBURG MP SHOPRITE SHOP 26 MIDDLEBURG SHOPRITE CENTRE, C/O SADC STREET JOHN MAGAGULA STREET MIDDELBURG MIDDELBURG MPUMALANGA",4981,PEPCELL MIDDELBURG
"4984 PEPCELL CPT BELHAR AIRPORT SHOP 62 AIRPORT MALL, STELLENBOSCH ARTERIAL ROAD BELHAR CAPE TOWN WESTERN CAPE",4984,PEPCELL CPT
"4990 PEPCELL SOSHANGUVE BATHO PLAZA SHOP 14 BATHO PLAZA, C/O DR MAROKO DRIVE & DEADLY NIGHTSHADE STREET SOSHANGUVE SOSHANGUVE GAUTENG",4990,PEPCELL SOSHANGUVE
"4994 PEPCELL PTA EAST PARK CENTRE SHOP 1 EAST PARK SHOPPING CENTRE, 43 BAVIAANSPOORT ROAD EAST LYNNE PRETORIA GAUTENG",4994,PEPCELL PTA
"4999 PEPCELL ACORNHOEK MALL SHOP 33B ACORNHOEK MALL, R40 ACORNHOEK ACORNHOEK MPUMALANGA",4999,PEPCELL ACORNHOEK
"5513 PEPHOME MOTHERWELL NYARA SHOP 22 MOTHERWELL SHOPPING CENTRE, C/O NYARA STREET TYNIRA STREET MOTHERWELL MOTHERWELL EASTERN CAPE",5513,PEPHOME MOTHERWELL
"5514 PEPHOME BELA-BELA SHOP B, VAN HEERDEN BUILDING, CHRIS HANI ROAD (PREVIOUSLY VOORTREKKER) BELA-BELA BELA-BELA LIMPOPO",5514,PEPHOME BELA-BELA
"5520 PEPHOME PTA QUAGGA CENTRE SHOP 35 & 36 QUAGGA CENTRE , C/O CHURCH STREET COURT STREET PRETORIA WEST PRETORIA GAUTENG",5520,PEPHOME PTA
"5524 PEPHOME BOARDWALK@INKWA SHOP L74-L78, BOARDWALK AT INKWA, KRUGERRAND COVE RICHARDS BAY RICHARDS BAY KWAZULU-NATAL",5524,PEPHOME BOARDWALK@INKWA
"5532 PEPHOME UPINGTON SCOTT STR SHOP 3, SCOTT STREET UPINGTON UPINGTON NORTHERN CAPE",5532,PEPHOME UPINGTON
"5537 PEPHOME WYNBERG MAYNARD MALL SHOP 34 MAYNARD MALL, C/O MAIN ROAD WETTON ROAD WYNBERG CAPE TOWN WESTERN CAPE",5537,PEPHOME WYNBERG
"5538 PEPHOME MUSINA BEPRO CENTRE SHOP 11 BEPRO CENTRE, NATIONAL ROAD (N1) MUSINA MUSINA LIMPOPO",5538,PEPHOME MUSINA
"5544 PEPHOME MAMELODI SHOP J05 MAMELODI CROSSING, C/O MAPHALLA STREET & STORMVOEL ROAD MAMELODI MAMELODI GAUTENG",5544,PEPHOME MAMELODI
"5546 PEPHOME MITCHELLS PLAIN PROM SHOP37 LIBERTY PROMENADE SHOPNG CENTRE, BERMAN ROAD MORGENSTER ROAD MITCHELLS PLAIN MITCHELLS PLAIN WESTERN CAPE",5546,PEPHOME MITCHELLS
"5547 PEPHOME BETHELSDORP CLEARY SHOP G29B CLEARY PARK SHOPPING CENTRE, STANFORD ROAD CLEARY PARK BETHELSDORP EASTERN CAPE",5547,PEPHOME BETHELSDORP
"5549 PEPHOME ATHLONE VANGATE MALL SHOP 66 VANGATE MALL, VANGUARD DRIVE ATHLONE ATHLONE WESTERN CAPE",5549,PEPHOME ATHLONE
"5550 PEPHOME LOUIS TRICHARDT SHOP 15 MAKHANDO CROSSING, C/O N1 & SONGWIZI STR LOUIS TRICHARDT LOUIS TRICHARDT LIMPOPO",5550,PEPHOME LOUIS
"5566 PEPHOME MIDDELBURG MP CHECKERS SHOP 51-53 CHECKERS CENTRE, C/O COWEN NTULI STREET JOHN MAGUGULA STREET MIDDELBURG MIDDELBURG MPUMALANGA",5566,PEPHOME MIDDELBURG
"5573 PEPHOME NEWPARK CENTRE SHOP 8, NEWPARK CENTRE, CNR LONG STREET & BULTFONTEIN DRIVE KIMBERLEY KIMBERLEY NORTHERN CAPE",5573,PEPHOME NEWPARK
"5576 PEPHOME PRETORIA CENTRE WALK SHOP 36-37, CENTRE WALK, 266 PRETORIUS STREET PRETORIA PRETORIA GAUTENG",5576,PEPHOME PRETORIA
"5577 PEPHOME BRITS MALL SHOP 103 BRITS MALL, C/O HENDRIK VERWOERD DRIVE MAPLE AVENUE BRITS BRITS NORTH WEST",5577,PEPHOME BRITS
"5580 PEPHOME KALAHARI MALL SHOP 69, KALAHARI MALL, CNR MALHERBE & VAN RIEBEECK ROAD UPINGTON UPINGTON NORTHERN CAPE",5580,PEPHOME KALAHARI
"5585 PEPHOME MORULENG MALL SHOP 44 MORULENG MALL, MAIN HOSPITAL ROAD (50-1) SAULSPOORT MORULENG NORTH WEST",5585,PEPHOME MORULENG
"5589 PEPHOME VEREENIGING MARK PARK SHOP 16-17, MARK PARK SHOPPING CENTRE, CNR VOORTREKKER STREET & BEACONSFIELD AVENUE VEREENIGING VEREENIGING GAUTENG",5589,PEPHOME VEREENIGING
"5590 PEPHOME CIRCUS TRIANGLE SHOP 58-59, CIRCUS TRIANGLE, CNR SUTHERLAND STREET & CATHAM STREET MTHATHA MTHATHA EASTERN CAPE",5590,PEPHOME CIRCUS
"5591 PEPHOME PINETOWN PINECREST SC SHOP 317, PINECREST SHOPPING CENTRE, 17 KINGS ROAD PINETOWN PINETOWN KWAZULU-NATAL",5591,PEPHOME PINETOWN
"5594 PEPHOME NEWCASTLE VILLAGE WALK SHOP 3-4, VILLAGE WALK, 22 AYLIFF STREET & 28 HARDING STREET NEWCASTLE NEWCASTLE KWAZULU-NATAL",5594,PEPHOME NEWCASTLE
"5608 PEPHOME M-PLAIN WESTGATE SHOP 49-50, WESTGATE MALL, C/O VANGUARD DRIVE & MORGENSTER ROAD MITCHELLS PLAIN CAPE TOWN WESTERN CAPE",5608,PEPHOME M-PLAIN
"5613 PEPHOME MIDDELBURG MALL (MP) SHOP 102 MIDDELBURG MALL, C/O SAMORA MACHELL STREET & DR. MANDELA DRIVE AERORAND WEST MIDDELBURG MPUMALANGA",5613,PEPHOME MIDDELBURG
"5615 PEPHOME HEIDELBERG MALL (GP) HEIDELBERG MALL, C/O N3 R42 HEIDELBERG HEIDELBERG GAUTENG",5615,PEPHOME HEIDELBERG
"5619 PEPHOME PRESIDENT VAAL SQUARE SHOP 19, PRESIDENT VAAL SQUARE, PLAYFAIR BOULEVARD VEREENIGING VEREENIGING GAUTENG",5619,PEPHOME PRESIDENT
"5630 PEPHOME EMPANGENI OK CENTRE SHOP N3 OK CENTRE, C/O COMMERCIAL ROAD BIYELA STREET EMPANGENI EMPANGENI KWAZULU-NATAL",5630,PEPHOME EMPANGENI
"5637 PEPHOME ZEERUST BHYHOLDT CTR SHOP 1, BHYHOLDT CENTRE, CHURCH STREET ZEERUST ZEERUST NORTH WEST",5637,PEPHOME ZEERUST
"5641 PEPHOME NONESI MALL SHOP 68, NONESI MALL, KOMANI STREET QUEENSTOWN QUEENSTOWN EASTERN CAPE",5641,PEPHOME NONESI
"5647 PEPHOME ROBERTSON CHURCH STR SHOP 41, CHURCH STREET ROBERTSON ROBERTSON WESTERN CAPE",5647,PEPHOME ROBERTSON
"5648 PEPHOME DELMAS WILLOWBROOK SQ SHOP 33 WILLOWBROOK SQUARE, C/O SAMUEL ROAD VAN DER WALT STREET DELMAS DELMAS MPUMALANGA",5648,PEPHOME DELMAS
"5654 PEPHOME LYDENBURG LT CENTRE SHOP 5, LT CENTRE, MAIN STREET LYDENBURG LYDENBURG MPUMALANGA",5654,PEPHOME LYDENBURG
"5663 PEPHOME DURBAN THE ATRIUM SHOP 5A-B, THE ATRIUM, 430 PETER MOKABA ROAD BEREA DURBAN KWAZULU-NATAL",5663,PEPHOME DURBAN
"5664 PEPHOME UMLAZI MEGA CITY SHOP S146, UMLAZI MEGA CITY, 50 MANGOSUTHU HIGHWAY (AKA GRIFFITHS MXENGE HIGHWAY) UMLAZI UMLAZI KWAZULU-NATAL",5664,PEPHOME UMLAZI
"5669 PEPHOME CT OTTERY CENTRE SHOP L33, OTTERY CENTRE, NEW OTTERY ROAD OTTERY OTTERY WESTERN CAPE",5669,PEPHOME CT
"5682 PEPHOME DOUGLAS SHOP 2, HERBERT, 10 SOUTHEY STREET DOUGLAS DOUGLAS NORTHERN CAPE",5682,PEPHOME DOUGLAS
"5683 PEPHOME HAZYVIEW JUNCTION SHOP_ HAZYVIEW JUNCTION, C/O R40 R536 HAZYVIEW HAZYVIEW MPUMALANGA",5683,PEPHOME HAZYVIEW
"5684 PEPHOME AMANZIMTOTI GALLERIA SHOP G041/042, GALLERIA, CNR MOSS KOLNICK DRIVE AND ARBOUR ROAD AMANZIMTOTI AMANZIMTOTI KWAZULU-NATAL",5684,PEPHOME AMANZIMTOTI
"5693 PEPHOME TAMBOTIE MALL TAMBOTIE MALL, C/O R41 TAMBOTIE ROAD MALAN STREET RANDFONTEIN RANDFONTEIN GAUTENG",5693,PEPHOME TAMBOTIE
"5699 PEPHOME SCOTTBURGH DYNARC MALL 72 DYNARC MALL, C/O R102 MARGATE AVENUE SCOTTBURGH SCOTTBURGH KWAZULU-NATAL",5699,PEPHOME SCOTTBURGH
"5712 PEPHOME HERITAGE MALL HERITAGE MALL, C/O GLUCKMAN ROAD BISCAY ROAD PORT ALFRED PORT ALFRED EASTERN CAPE",5712,PEPHOME HERITAGE
"5723 PEP HOME PMB EDENDALE MALL SHOP 7AEDENDALE MALL, C/O MOSES MAHBIDA & MOUNT PARTRIDGE EDENDALE PIETERMARITZBURG KWAZULU-NATAL",5723,PEP HOME
"5727 PEPHOME KAKAMAS CENTRE SHOP 5 KAKAMAS CENTRE, C/O N14 AUGRABIES WAY & VOORTREKKER WAY KAKAMAS KAKAMAS NORTHERN CAPE",5727,PEPHOME KAKAMAS
"5728 PEPHOME ERMELO MERINO MALL SHOP 47 MERINO MALL, C/O VOORTREKKER & NEDERLANDSE ROAD ERMELO ERMELO MPUMALANGA",5728,PEPHOME ERMELO
"5737 PEPHOME BALLITO JUNCTION SHOP 628 BALLITO JUNCTION, 1 LEONORA DRIVE BALLITO BALLITO KWAZULU-NATAL",5737,PEPHOME BALLITO
"5739 PEPHOME STANGER KWADAKUZA MALL SHOP 34 KWADUKUZA MALL, 2 ELIZABETH STREET STANGER STANGER KWAZULU-NATAL",5739,PEPHOME STANGER
"5741 PEPHOME SUN CITY SUN VILLAGE SHOP 21A SUN VILLAGE SHOPPING CENTRE, R556 MAIN ROAD SUN CITY SUN CITY NORTH WEST",5741,PEPHOME SUN
"5748 PEPHOME PTA MAMELODI MAMS MALL SHOP 116 MAMS MALL, TSAMAYA AVENUE MAMELODI PRETORIA GAUTENG",5748,PEPHOME PTA
"5749 PEPHOME MODIMOLLE MODI MALL SHOP 28 MODI MALL , C/O THABO MBEKI STREET & LIMPOPO STREET MODIMOLLE MODIMOLLE LIMPOPO",5749,PEPHOME MODIMOLLE
"5752 PEPHOME TSHWANE REG MALL PTA SHOP GF31 TSHWANE REGIONAL MALL, C/O WATLOO & TSAMAYA AVENUE MAMELODI PRETORIA GAUTENG",5752,PEPHOME TSHWANE
"5786 PEPHOME ODENDAALSRUS SHOP 02, 76 WATERKANT STREET ODENDAALSRUS ODENDAALSRUS FREE STATE",5786,PEPHOME ODENDAALSRUS
"5788 PEPHOME KOKSTAD REGIONAL CTR SHOP 86 KOKSTAD REGIONAL CENTRE , 72 MAIN STREET KOKSTAD KOKSTAD KWAZULU-NATAL",5788,PEPHOME KOKSTAD
"5790 PEPHOME TEMBISA MALL SHOP G22 MALL OF TEMBISA , C/O ALUMINIUM & R563 TEMBISA TEMBISA GAUTENG",5790,PEPHOME TEMBISA
"5795 PEPHOME SILVERTON SILVER MALL SHOP 54 SILVER MALL, C/O DE BOLEVARD & R104 PRETORIA ROAD SILVERTON PRETORIA GAUTENG",5795,PEPHOME SILVERTON
"5814 PEPHOME EMPANGENI SANLAM SHOP 260 EMPANGENI SANLAM CENTRE , MAXWELL STREET EMPANGENI EMPANGENI KWAZULU-NATAL",5814,PEPHOME EMPANGENI
"5834 PEPHOME RANDFONTEIN VILLAGE SQ SHOP 42 VILLAGE SQUARE SHOPPING CENTRE, 72 MAIN REEF RD RANDFONTEIN RANDFONTEIN GAUTENG",5834,PEPHOME RANDFONTEIN
"5844 PEPHOME BETHAL SHOP 21D P & PD KRUGER BUILDING , VUYISILE MINI STREET BETHAL BETHAL MPUMALANGA",5844,PEPHOME BETHAL
"5845 PEPHOME PHUTHADITJHABA MALUTI SHOP 101A MALUTI CRESCENT, C/O SETAI & MOTLAING STREETS PHUTHADITJHABA PHUTHADITJHABA FREE STATE",5845,PEPHOME PHUTHADITJHABA
"5864 PEPHOME CT KENILWORTH CENTRE SHOP 105 KENILWORTH CENTRE, DONCASTER ROAD KENILWORTH KENILWORTH WESTERN CAPE",5864,PEPHOME CT
"5910 PEPHOME MOUNT FRERE KWABHACA SHOP L25 KWABHACA MALL, C/O N2 & NGCINGWANA STREET MOUNT FRERE MOUNT FRERE EASTERN CAPE",5910,PEPHOME MOUNT
"5914 PEPHOME PTA NKOMO VILLAGE SHOP 3215D08 NKOMO VILLAGE, C/O TLOU & WF NKOMO STREET PRETORIA PRETORIA GAUTENG",5914,PEPHOME PTA
"6123 PEP ESIKHAWINI MALL SHOP 27 ESIKHAWINI MALL, MDLEBENTSHONA STREET ESIKHAWINI ESIKHAWINI KWAZULU-NATAL",6123,PEP ESIKHAWINI
"6125 PEP LENASIA SIGNET TERRACE SHOP 17 SIGNET TERRACE, 17 ROBIN AVENUE LENASIA LENASIA GAUTENG",6125,PEP LENASIA
"6126 PEP TEMBISA PLAZA SHOP 38 TEMBISA PLAZA , ANDREW MAPHETO STREET TEMBISA TEMBISA GAUTENG",6126,PEP TEMBISA
"6136 PEP CPT BRACKENFELL CAPE GATE SHOP L67A CAPE GATE CENTRE, C/O DE BRON ROAD & OKAVONGO DRIVE BRACKENFELL CAPE TOWN WESTERN CAPE",6136,PEP CPT
"6137 PEP RUSTENBURG WATERFALL MALL SHOP 108 & 109 RUSTENBURG WATERFALL MALL, 108 109 CHUCHU AVENUE CASHAN RUSTENBURG NORTH WEST",6137,PEP RUSTENBURG
"6139 PEP EMPANGENI MAXWELL STREET SHOP 1 EMPANGENI SHOPPING CENTRE, MAXWELL STREET EMPANGENI EMPANGENI KWAZULU-NATAL",6139,PEP EMPANGENI
"6140 PEP SOWETO PROTEA GARDENS SHOP 19, PROTEA GARDENS , CHRIS HANI ROAD TSHIAWELO TSHIAWELO GAUTENG",6140,PEP SOWETO
"6146 PEP CAPE TOWN STRAND STREET SHOP NO 1 ST GEORGES MALL, 34 STRAND STREET CAPE TOWN CAPE TOWN WESTERN CAPE",6146,PEP CAPE
"6156 PEP EAST LONDON TERMINUS STR SHOP, 32 OXFORD STREET EAST LONDON EAST LONDON EASTERN CAPE",6156,PEP EAST
"6157 PEP ISIPINGO KWA FAROUK CENTRE SHOP 16 KWA FAROUK CENTRE, 10 PARDY ROAD ISIPINGO ISIPINGO KWAZULU-NATAL",6157,PEP ISIPINGO
"6158 PEP RUSTENBURG SHOPRITE CENTRE SHOP 1B 5&6 SHOPRITE CENTRE , CORNER MANDELA STREET INSEKI STREET RUSTENBURG RUSTENBURG NORTH WEST",6158,PEP RUSTENBURG
"6159 PEP PTA SUNNY PARK SHOP L1-25 SUNNY PARK SHOPPING CENTRE, CORNER JEEP STREET ESSELEN STREET SUNNYSIDE PRETORIA GAUTENG",6159,PEP PTA
"6160 PEP BLUE DOWNS CAVALIER CENTRE SHOP 18 CAVALIER RETAIL CENTRE, CNR HINDLE ROAD & EERSTE RIVER WAY BLUE DOWNS EERSTE RIVER WESTERN CAPE",6160,PEP BLUE
"6161 PEP PAARL MALL NEWVLEI STR SHOP 12 PAARL MALL, C/O NEWVLEI STREET JONES STREET PAARL PAARL WESTERN CAPE",6161,PEP PAARL
"6162 PEP CPT ATHLONE VANGATE MALL SHOP 12 VANGATE MALL, VANGUARD DRIVE ATHLONE ATHLONE WESTERN CAPE",6162,PEP CPT
"6163 PEP WITBANK SAFEWAYS SHOP 31 SAFEWAYS CRESCENT CENTRE, PRESIDENT STREET WITBANK WITBANK MPUMALANGA",6163,PEP WITBANK
"6164 PEP SHELLEY BEACH SHOP 49/50, SOUTHCOAST MALL, IZOTHSHA ROAD SHELLY BEACH SHELLY BEACH KWAZULU-NATAL",6164,PEP SHELLEY
"6165 PEP BRAKPAN CARNIVAL CITY SHOP 15 MALL @ CARNIVAL , CORNER AIRPORT ROAD HEIDELBERG ROAD DALPARK EXT 5 DALPARK GAUTENG",6165,PEP BRAKPAN
"6169 PEP STRETFORD PALM SPRINGS SHOP 30 PALM SPRINGS MALL, C/O FALCON STREET R551 STRETFORD VEREENIGING GAUTENG",6169,PEP STRETFORD
"6170 PEP KHAYELITSHA SHOPPING CTR SHOP 47 KHAYELITSHA SHOPPING CENTRE, CORNER STEVE BIKO ROAD WALTER SISULU ROAD KHAYELITSHA KHAYELITSHA WESTERN CAPE",6170,PEP KHAYELITSHA
"6171 PEP BFN MANGUANG ROCKLANDS SHOP 1 ROCKLANDS COMPLEX, C/O MOSHOESHOE STREET MOTLOHI STREET ROCKLANDS BLOEMFONTEIN FREE STATE",6171,PEP BFN
"6179 PEP DRIE RIVIERE SHOP N2 & N3 RIVER SQUARE, NILE DRIVE THREE RIVERS THREE RIVERS GAUTENG",6179,PEP DRIE
"6180 PEP MABOPANE MORULA VIEW SHOP 7 - 9 MORULA VIEW COMPLEX , LUCAS MANGOPE HIGHWAY MABOPANE MABOPANE GAUTENG",6180,PEP MABOPANE
"6184 PEP HAMMANSKRAAL RHINO CASH SHOP 7 RHINO CASH & CARRY, CORNER RENS STREET DOUGLAS STREET HAMMANSKRAAL HAMMANSKRAAL GAUTENG",6184,PEP HAMMANSKRAAL
"6187 PEP MOSSELBAY LANGEBERG MALL SHOP 17 LANGEBERG MALL, LOUIS FOURIE ROAD MOSSEL BAY MOSSEL BAY WESTERN CAPE",6187,PEP MOSSELBAY
"6189 PEP UMLAZI MEGA CITY SHOP M07A UMLAZI MEGA CITY, 50 MANGOSUTHU HIGHWAY UMLAZI UMLAZI KWAZULU-NATAL",6189,PEP UMLAZI
"6190 PEP LENASIA TRADE ROUTE MALL SHOP L31 TRADE ROUTE MALL , CORNER NIRVANA ROAD KLIPSPRUIT VALLEY ROAD LENASIA LENASIA GAUTENG",6190,PEP LENASIA
"6191 PEP VANDERBIJLPARK VALL MALL SHOP 85 VAAL MALL , ROSSINI BOULEVARD VANDERBIJLPARK VANDERBIJLPARK GAUTENG",6191,PEP VANDERBIJLPARK
"6192 PEP DIAMOND PAVILLION SHOP 2 DIAMOND PAVILLION, CORNER OLIVER ROAD MACDOUGAL ROAD MONUMENT HEIGHTS KIMBERLEY NORTHERN CAPE",6192,PEP DIAMOND
"6202 PEP SCOTTBURGH MALL SHOP 28 SCOTTBURGH MALL, MAIN ROAD SCOTTBURGH SCOTTBURGH KWAZULU-NATAL",6202,PEP SCOTTBURGH
"6203 PEP MTHATHA SPRIGG STREET TRANSKEI BAZAAR, 9 SPRIGG STREET MTHATHA MTHATHA EASTERN CAPE",6203,PEP MTHATHA
"6204 PEP CPT N1 CITY SHOP 113 N1 CITY MALL, LOUWTJIE ROTHMAN STREET GOODWOOD GOODWOOD WESTERN CAPE",6204,PEP CPT
"6209 PEP DR PIXLEY KASEME COLLONADE COLLONADE BUILDING, 330 DR PIXLEY KASEME DURBAN DURBAN KWAZULU-NATAL",6209,PEP DR
"6214 PEP VOSLOORUS NALEDI MALL SHOP 5 NALEDI MALL , M C BOTHA DRIVE VOSLOORUS VOSLOORUS GAUTENG",6214,PEP VOSLOORUS
"6215 PEP PE KWAZAKHELE DAKU SQUARE SHOP 2 DAKU SQUARE, C/O MBILINI ROAD DIBANSIA ROAD KWAZAKHELE PORT ELIZABETH EASTERN CAPE",6215,PEP PE
"6216 PEP PHOENIX PLAZA SHOP 19 PHOENIX PLAZA, PHOENIX HIGHWAY PHOENIX PHOENIX KWAZULU-NATAL",6216,PEP PHOENIX
"6218 PEP SOWETO JABULANI MALL SHOP 14 JABULANI MALL , 14 BOLANI ROAD JABULANI KWAXUMA GAUTENG",6218,PEP SOWETO
"6219 PEP KATLEHONG SONTONGA MALL SHOP 17 SONTONGA MALL , 55 SETAL STREET KATLEHONG KATLEHONG GAUTENG",6219,PEP KATLEHONG
"6220 PEP ATTERIDGEVILLE ATTLYN SHOP B6 ATTLYN SHOPPING CENTRE, PHUDUFUFU STREET KHOZA STREET ATTERIDGEVILLE ATTERIDGEVILLE GAUTENG",6220,PEP ATTERIDGEVILLE
"6223 PEP VEREENIGING SEBOKENG SHOP 11 EVATON PLAZA , GOLDEN HIGHWAY SEBOKENG SEBOKENG GAUTENG",6223,PEP VEREENIGING
"6227 PEP PAARL MIDWAY MBEKWENI SHOP 7 MIDWAY SHOPPING CENTRE, CORNER WAMKILEKELE JAN VAN RIEBEEK DRIVE PAARL PAARL WESTERN CAPE",6227,PEP PAARL
"6230 PEP CHATSWORTH CENTRE (L4) SHOP 115-119 CHATSWORTH CENTRE, C/O JOYHURST STREET MAIN STREET CHATSWORTH DURBAN KWAZULU-NATAL",6230,PEP CHATSWORTH
"6235 PEP KABOKWENI PLAZA SHOP 10 KABOKWENI PLAZA, MAIN ROAD KABOKWENI KABOKWENI MPUMALANGA",6235,PEP KABOKWENI
"4323 PEPCELL FESTIVAL MALL SHOP 88 FESTIVAL MALL, C/O KELVIN STREET H LEWIS STREET KEMPTON PARK JOHANNESBURG GAUTENG",4323,PEPCELL FESTIVAL
"6244 PEP MTHATHA PLAZA SHOP 3 MTHATHA PLAZA, 35 NELSON MANDELA DRIVE MTHATHA MTHATHA EASTERN CAPE",6244,PEP MTHATHA
"6245 PEP WITBANK HIGHVELD MALL SHOP 62 HIGHVELD MALL , PRESIDENT STREET MANDELA DRIVE WITBANK WITBANK MPUMALANGA",6245,PEP WITBANK
"6247 PEP THOHOYANDOU MVUSULUDZO SHOP 2 MVUSULUDZO MALL, C/O POST OFFICE STREET MPHEPHU STREET THOHOYANDOU THOHOYANDOU LIMPOPO",6247,PEP THOHOYANDOU
"6248 PEP MOTHERWELL UMNULU SHOP 7-8 MOTHERWELL CONVENIENCE CENTRE, UMNULU STREET MOTHERWELL MOTHERWELL EASTERN CAPE",6248,PEP MOTHERWELL
"6252 PEP KEMPTON PARK SQUARE SHOP 35 - 37 KEMPTON SQUARE , CENTRAL AVENUE KEMPTON PARK KEMPTON PARK GAUTENG",6252,PEP KEMPTON
"6266 PEP TZANEEN TZANENG MALL SHOP 26A TZANENG MALL, 24-26 DANIE JOUBERT STREET TZANEEN TZANEEN LIMPOPO",6266,PEP TZANEEN
"6274 PEP MAMELODI MAHUBE MAXCITY SHOP 7A MAHUBE MAXCITY, K 54 TSAMAYA ROAD MAMELODI MAMELODI GAUTENG",6274,PEP MAMELODI
"6277 PEP BELHAR AIRPORT CENTRE SHOP 4-5 AIRPORT SHOPING CENTRE, STELLENBOSCH ARTERIAL ROAD BELHAR CAPE TOWN WESTERN CAPE",6277,PEP BELHAR
"6281 PEP SOWETO MAPONYA MALL SHOP 32 MAPONYA MALL , OLD POTCHEFSTROOM ROAD KLIPSPRUIT SOWETO GAUTENG",6281,PEP SOWETO
"6289 PEP CPT MFULENI SHOPRITE SHOP 5 SHOPRITE CENTRE, C/O O NQUBELANI STREET MAIN STREET MFULENI CAPE TOWN WESTERN CAPE",6289,PEP CPT
"6290 PEP POTCH MOOIRIVIER MALL SHOP 34 MOOIRIVIER MALL, NELSON MANDELA STREET POTCHEFSTROOM POTCHEFSTROOM NORTH WEST",6290,PEP POTCH
"6294 PEP ZEVENWACHT MALL ZEVENWACHT MALL, C/O VAN RIEBEECK ROAD POLKADRAAI ROAD ZEVENWACHT VILLAGE KUILS RIVER WESTERN CAPE",6294,PEP ZEVENWACHT
"6296 PEP MDANTSANE CITY SHOP 32 MDANTSANE CITYSHOPPING CENTRE, CORNER BILLIE HIGHWAY QUMZA HIGHWAY MDANTSANE MDANTSANE EASTERN CAPE",6296,PEP MDANTSANE
"6299 PEP MALUTI CRESCENT SHOP 3C MALUTI CRESCENT, C/O MOTEBANG ROAD & NKAHLOLENG ROAD PHUTHADITJHABA PHUTHADITJHABA FREE STATE",6299,PEP MALUTI
"6323 PEP DURBAN QUALBERT CENTRE SHOP 10-12 QUALBERT CENTER, C/O BERTHA MKHIZE STREET (VICTORA) INGCUCE ROAD (ALBERT) DURBAN DURBAN KWAZULU-NATAL",6323,PEP DURBAN
"6326 PEP RICHARDS BAYBOARDWALK SHOP L11&L14 BOARDWALK AT INKWAZI, CALYPSO COVE STREET RICHARDS BAY RICHARDS BAY KWAZULU-NATAL",6326,PEP RICHARDS
"6333 PEP TEMBISA PHUMULANI SHOP 48 PHUMULANI MALL , OLIFANTSFONTEIN ROAD OLIFANTSFONTEIN OLIFANTSFONTEIN GAUTENG",6333,PEP TEMBISA
"6334 PEP SPRINGS TSAKANE PLAZA SHOP 30 TSAKANE PLAZA, CORNER MODJADJI STREET MANDELA DRIVE SPRINGS SPRINGS GAUTENG",6334,PEP SPRINGS
"6336 PEP POLOKWANE CHECKERS CENTRE SHOP 5 CHECKERS CENTRE, 60 HANS VAN RENSBURG STREET POLOKWANE POLOKWANE LIMPOPO",6336,PEP POLOKWANE
"6337 PEP PTA BLOED STREET SHOP 24 BLOED STREET MALL , BLOED STREET PRETORIA PRETORIA GAUTENG",6337,PEP PTA
"6338 PEP PTA KOLONNADE RETAIL SHOP 26 KOLONADE RETAL PARK , ZAMBEZI DRIVE MONTANA PRETORIA GAUTENG",6338,PEP PTA
"6342 PEP KATHU VILLAGE WALK SHOP 6 KATHU VILLAGE WALK, HENDRIK VAN ECK ROAD KATHU KATHU NORTHERN CAPE",6342,PEP KATHU
"6343 PEP PE KORSTEN SHOPRITE SHOP 9 SHOPRITE CENTRE, 198 STANFORD ROAD THOROGOOD STREET KORSTEN PORT ELIZABETH EASTERN CAPE",6343,PEP PE
"6345 PEP DR PIXLEY KASEME STREET SHOP 359, 389 DR PIXLEY KASEME STREET DURBAN DURBAN KWAZULU-NATAL",6345,PEP DR
"6357 PEP NEWCASTLE ALLEN SCOTT STR SHOP 2 , CORNER ALLEN STREET SCOTT STREET NEWCASTLE NEWCASTLE KWAZULU-NATAL",6357,PEP NEWCASTLE
"6367 PEP HAMMANSKRAAL RENBRO SPAR SHOP A21 - A22 RENBRO SPAR , GREAT NORTH ROAD HAMMANSKRAAL HAMMANSKRAAL GAUTENG",6367,PEP HAMMANSKRAAL
"6371 PEP PTA LOTUS GARDENS SHOP 10 CHECKERS CENTRE LOTUS GARDENS, C/O RUTH FIRST ROAD JOE MODISE ROAD LOTUS GARDENS PRETORIA GAUTENG",6371,PEP PTA
"6372 PEP NELSPRUIT SAMORA MACHEL SHOP 1, CNR SAMORA MACHEL DRIVE HENSHALL STREET NELSPRUIT NELSPRUIT MPUMALANGA",6372,PEP NELSPRUIT
"6373 PEP VANDERBIJLPARK VALLGATE SHOP 5 VAALGATE SHOPPING CENTRE, ATTIE FOURIE STREET VANDERBIJLPARK VANDERBIJLPARK GAUTENG",6373,PEP VANDERBIJLPARK
"6375 PEP CPT GUGULETHU SQUARE SHOP 31 GUGULETHU SQUARE, C/O NY 25 STEVE BIKO STREET GUGULETU CAPE TOWN WESTERN CAPE",6375,PEP CPT
"6376 PEP SHOSANGUVE BATHO SHOP 10A BATHO PLAZA, MAROKO DRIVE SOSHANGUVE SOSHANGUVE GAUTENG",6376,PEP SHOSANGUVE
"6377 PEP SHOSANGUVE THORNTREE SHOP 17 THORNTREE PLAZA , CORNER HEBRON ROAD UMPHAFA STREET SOSHANGUVE SOSHANGUVE GAUTENG",6377,PEP SHOSANGUVE
"6378 PEP MUSINA GREAT NORTH PLAZA SHOP 34 GREAT NORTH PLAZA, NATIONAL ROAD (N1) MUSINA MUSINA LIMPOPO",6378,PEP MUSINA
"6381 PEP KWAMASHU BRIDGE CITY SHOP L54 BRIDGE CITY MALL, C/O BHEJANE ROAD NTUZUMA ACCESS ROAD KWAMASHU KWAMASHU KWAZULU-NATAL",6381,PEP KWAMASHU
"6383 PEP AMANZIMTOTI GALLERIA MALL SHOP G49 THE GALLERIA MALL, C/O OPPENHEIMER MOSSKOLNIK STREET AMANZIMTOTI AMANZIMTOTI KWAZULU-NATAL",6383,PEP AMANZIMTOTI
"6384 PEP PTA BOUGANVILLE SC SHOP 10 BOUGANVILLE SHOPPING CENTRE , 650 REDELINGHUYS STREET DASPOORT PRETORIA GAUTENG",6384,PEP PTA
"6385 PEP POLOKWANE CITY CENTRE SHOP 5 CITY CENTRE, CORNER BOK STREET RISSIK STREET POLOKWANE POLOKWANE LIMPOPO",6385,PEP POLOKWANE
"6387 PEP PMB RAISETHORPE MALL SHOP 4 RAISETHORPE MALL, DR CHOTA MOTALA ROAD RAISETHORPE PIETERMARITZBURG KWAZULU-NATAL",6387,PEP PMB
"6390 PEP KOLONNADE SHOP LG11/12 KOLONNADE SHOPPING MALL, ZAMBEZI DRIVE MONTANA PRETORIA GAUTENG",6390,PEP KOLONNADE
"6391 PEP EAST LONDON OXFORD STR SHOP 1 PERM BUILDING, C/O OXFORD STREET & TERMINUS STREET EAST LONDON EAST LONDON EASTERN CAPE",6391,PEP EAST
"6392 PEP KLERKSDORP CITY MALL SHOP 43 & 44 CITY MALL, CORNER OLIVER TAMBO STREET NESER STREET KLERKSDORP KLERKSDORP NORTH WEST",6392,PEP KLERKSDORP
"6396 PEP PTA SANCARDIA CENTRE SHOP 20 - 22 SANCARDIA CENTRE , C/O BEATRIX STREET & CHURCH STREET ARCADIA PRETORIA GAUTENG",6396,PEP PTA
"6399 PEP STB KAYAMANDI MALL SHOP 11 KAYAMANDI SHOPPING CENTRE, GEORGE BLAKE STREET STELLENBOSCH STELLENBOSCH WESTERN CAPE",6399,PEP STB
"6408 PEP MARAPONG SHOP 7 MARAPONG SPAR, RELEBONJILE ROAD MARAPONG LEPHALALE LIMPOPO",6408,PEP MARAPONG
"6410 PEP LENASIA SQUARE SHOP NO B011 LENASIA SQUARE, 11 STATION ROAD LENASIA LENASIA GAUTENG",6410,PEP LENASIA
"6412 PEP KRUGERSDORP PRESIDENT SHOP 31 PRESIDENT BUILDING, CORNER PRETORIA STREET MORKEL STREET KRUGERSDORP KRUGERSDORP GAUTENG",6412,PEP KRUGERSDORP
"6413 PEP LOWVELD MALL (SHOPRITE) SHOP 304 LOWVELD MALL, HOBBY AVE HAZYVIEW HAZYVIEW MPUMALANGA",6413,PEP LOWVELD
"6415 PEP LADYSMITH LYELL STEET SHOP 105, C/O LYELL STREET QUEEN STREET LADYSMITH LADYSMITH KWAZULU-NATAL",6415,PEP LADYSMITH
"6416 PEP KIMBERLEY NORTH CAPE MALL SHOP 60 NORTH CAPE MALL, MEMORIAL STREET MONUMENT HEIGHTS KIMBERLEY NORTHERN CAPE",6416,PEP KIMBERLEY
"6417 PEP WELKOM GOLDFIELDS SHOP 94 GOLDFIELDS MALL, CORNER BUITEN STREET STATE WAY WELKOM WELKOM FREE STATE",6417,PEP WELKOM
"6418 PEP BRITS MALL SHOP 29 BRITS MALL, CNR HENDRIK VERWOERD ROAD MAPLE RIDGE ROAD BRITS BRITS NORTH WEST",6418,PEP BRITS
"6419 PEP RUSTENBURG IMPALA CENTRE SHOP 10 & 11 IMPALA CENTRE, BETHLEHEM DRIVE RUSTENBURG RUSTENBURG NORTH WEST",6419,PEP RUSTENBURG
"6420 PEP ESIKHAWINI MALL SHOP 7 ESIKHAWINI MALL, MTHOMBOTHI STREET ESIKHAWINI ESIKHAWINI KWAZULU-NATAL",6420,PEP ESIKHAWINI
"6421 PEP TEMBISA BIRCH ACRES MALL SHOP 47 BIRCH ACRES MALL, ANDREW MAPHETO STREET TEMBISA TEMBISA GAUTENG",6421,PEP TEMBISA
"6423 PEP STANGER KING SHAKA STREET SHOP, 116 KING SHAKA STREET STANGER STANGER KWAZULU-NATAL",6423,PEP STANGER
"6430 PEP POLOKWANE MALL OF NORTH SHOP L52, MALL OF THE NORTH, CNR R81 & N1 NATIONAL ROAD POLOKWANE POLOKWANE LIMPOPO",6430,PEP POLOKWANE
"6432 PEP HAMMANSKRAAL JUBILEE MALL SHOP 35 JUBILEE MALL, HARRY GWALA ROAD HAMMANSKRAAL HAMMANSKRAAL GAUTENG",6432,PEP HAMMANSKRAAL
"6439 PEP BURGERSFORT PLATINUM PLACE SHOP 1-3 PLATINUM PLACE, C/O KRUIS STREET DIRK WINTERBACH STREET BURGERSFORT BURGERSFORT LIMPOPO",6439,PEP BURGERSFORT
"6443 PEP WHITERIVER SQUARE SHOP 1 WHITE RIVER SQUARE, CNR CHIEF MGIYENI DRIVE & WILLIAM LYNN STREET WHITE RIVER WHITE RIVER MPUMALANGA",6443,PEP WHITERIVER
"6445 PEP LOUIS TRICHARDT KRUGER STR SHOP 38 SHOPRITE CENTRE, 105 KRUGER STREET LOUIS TRICHARDT LOUIS TRICHARDT LIMPOPO",6445,PEP LOUIS
"6448 PEP DURBAN QUEEN STREET SHOP 1, 100 QUEEN STREET DURBAN DURBAN KWAZULU-NATAL",6448,PEP DURBAN
"6455 PEP UPINGTON PNP CENTRE SHOP 12 KALAHARI PICK N PAY CENTRE, CORNER RIVIER LE ROUX STREET UPINGTON UPINGTON NORTHERN CAPE",6455,PEP UPINGTON
"6457 PEP PMB GREATER EDENDALE MALL GREATER EDENDALE MALL, C/O SELBY MSIMANG ROAD MOUNT PARTRIDGE ROAD EDENDALE PIETERMARITZBURG KWAZULU-NATAL",6457,PEP PMB
"6458 PEP PE NEW BRIGHTON KENAKO SHOP 36 KENAKO MALL, C/O UITENHAGE ROAD SPONDO STREET NEW BRIGHTON PORT ELIZABETH EASTERN CAPE",6458,PEP PE
"6460 PEP ATTERIDGE STADIUM SHOP 6 ATTERIDGE STADIUM CENTRE, HLAHLA STREET ATTERIDGEVILLE ATTERIDGEVILLE GAUTENG",6460,PEP ATTERIDGE
"6462 PEP JHB DAVEYTON HEALD STREET SHOP 15 16A SHOPRITE CENTRE, HEALD STREET DAVEYTON BENONI GAUTENG",6462,PEP JHB
"6463 PEP PINETOWN SIMUNYE SHOP 3 SIMUNYE CENTRE, 6 OLD MAIN ROAD PINETOWN PINETOWN KWAZULU-NATAL",6463,PEP PINETOWN
"6464 PEP KAGISO MALL SHOP 8 KAGISO MALL, C/O RANDFONTEIN ROAD KAGISO DRIVE KAGISO KRUGERSDORP GAUTENG",6464,PEP KAGISO
"6465 PEP CPT BLUE ROUTE MALL SHOP G68 BLUE ROUTE MALL, C/O TOKAI ROAD VANS ROAD TOKAI CAPE TOWN WESTERN CAPE",6465,PEP CPT
"6466 PEP MIDDELBURG MALL (MP) SHOP 88 MIDDELBURG MALL, C/O SAMORA MACHELL STREET DR. MANDELA DRIVE AERORAND WEST MIDDELBURG MPUMALANGA",6466,PEP MIDDELBURG
"6467 PEP NEWCASTLE MALL SHOP 56 NEWCASTLE MALL, CORNER OAK LADYSMITH ROAD NEWCASTLE NEWCASTLE KWAZULU-NATAL",6467,PEP NEWCASTLE
"6468 PEP NEWCASTLE WOOLWORTHS CTR SHOP G02 WOOLWORTHS CENTRE, 2 SCOTT STREET NEWCASTLE NEWCASTLE KWAZULU-NATAL",6468,PEP NEWCASTLE
"6471 PEP EMPANGENI OK CENTRE SHOP E12, OK EMPANGENI SHOPPING CENTRE, CNR COMMERCIAL & BIYELA STREET EMPANGENI EMPANGENI KWAZULU-NATAL",6471,PEP EMPANGENI
"6474 PEP SEBOKENG THABONG CENTRE SHOP 14B THABONG SHOPPING CENTRE, MOSHOESHOE STREET SEBOKENG SEBOKENG GAUTENG",6474,PEP SEBOKENG
"6476 PEP PMARITZBURG SELGRO CENTRE SELGRO CENTRE, C/O CHURCH STREET BOSHOFF STREET PIETERMARITZBURG PIETERMARITZBURG KWAZULU-NATAL",6476,PEP PMARITZBURG
"6477 PEP GEORGE GARDEN ROUTE MALL SHOP 33 GARDEN ROUTE MALL, C/O N2 HIGHWAY KNYSNA ROAD GEORGE GEORGE WESTERN CAPE",6477,PEP GEORGE
"6480 PEP SOSHANGUVE PnP CENTRE SHOP 11 PICK N PAY CENTRE, BUITEKANT STREET SOSHANGUVE SOSHANGUVE GAUTENG",6480,PEP SOSHANGUVE
"6481 PEP SOWETO PROTEA GLEN SHOP 14 PROTEA GLEN SHOPPING CENTRE, C/O R558 PROTEA BOULEVARD PROTEA GLEN PROTEA GLEN GAUTENG",6481,PEP SOWETO
"6488 PEP BURGERSFORT MALL SHOP 18 BURGERSFORT MALL, C/O DIRK WINTERBACH STREET MPUMULA STREET BURGERSFORT BURGERSFORT LIMPOPO",6488,PEP BURGERSFORT
"6489 PEP BUTTERWORTH FINGOLAND MALL SHOP 10 FINGOLAND MALL, C/O ACADEMY STREET UMTATA ROAD (N2) BUTTERWORTH BUTTERWORTH EASTERN CAPE",6489,PEP BUTTERWORTH
"6490 PEP SIYABUSWA MALL SHOP 9 SIYABUSWA MALL, BONGIMFUNDO STREET SIYABUSWA SIYABUSWA SIYABUSWA LIMPOPO",6490,PEP SIYABUSWA
"6492 PEP PTA VERMEULEN STREET SHOP 4 ISIVUNO HOUSE, C/O VERMEULEN STREET VAN DER WALT STREET PRETORIA PRETORIA GAUTENG",6492,PEP PTA
"6496 PEP BAPONG KEYA RONA CENTRE SHOP 24 KEYA RONA SHOPPING CENTRE, R556 BAPONG BRITS NORTH WEST",6496,PEP BAPONG
"6497 PEP QUEENSTOWN NONESI MALL SHOP 54 NONESI MALL, KOMANI STREET QUEENSTOWN QUEENSTOWN EASTERN CAPE",6497,PEP QUEENSTOWN
"6499 PEP ULUNDI NODWENGU CENTRE SHOP 6N ODWENGU CENTRE, PRINCESS MAGOGO STREET ULUNDI ULUNDI KWAZULU-NATAL",6499,PEP ULUNDI
"6500 PEP ROODEPOORT WESTGATE SHOP S0166 WESTGATE MALL, ONTDEKKERS ROAD ROODEPOORT ROODEPOORT GAUTENG",6500,PEP ROODEPOORT
"6501 PEP UMZIMKULU DE BRUYN MALL SHOP 7 DE BRUYN MALL, MAIN STREET UMZIMKULU UMZIMKULU KWAZULU-NATAL",6501,PEP UMZIMKULU
"6502 PEP TONGA MALL SHOP 21 TONGA MALL, TONGA STREET TONGA TONGA MPUMALANGA",6502,PEP TONGA
"6505 PEP LEPHALALE MALL SHOP 12 LEPHALALE MALL, C/O APIESDORING AVENUE NELSON MANDELA DRIVE LEPHALALE LEPHALALE LIMPOPO",6505,PEP LEPHALALE
"6507 PEP DBN DR YUSUF DADOO STREET SHOP 201B KARA CENTRE, C/O DR. YUSUF DADOO STREET BOND STREET DURBAN DURBAN KWAZULU-NATAL",6507,PEP DBN
"6509 PEP VRYBURG BOXER CENTRE SHOP 7-11 VRYBURG BOXER CENTRE, 15 CHURCH STREET VRYBURG VRYBURG NORTH WEST",6509,PEP VRYBURG
"6512 PEP JANE FURSE CROSSING SHOP 13 JANE FURSE CROSSING, MAIN ROAD JANE FURSE JANE FURSE LIMPOPO",6512,PEP JANE
"6518 PEP BURGERSFORT TUBATSE SHOP L87 TUBATSE CROSSING, C/O R37 (TO POLOKWANE) R555 (TO STEELPOORT) BURGERSFORT BURGERSFORT LIMPOPO",6518,PEP BURGERSFORT
"6522 PEP DURBAN THE WORKHOP SHOP 71-72, THE WORKHOP CENTRE, 99 SAMORA MACHEL STREET DURBAN DURBAN KWAZULU-NATAL",6522,PEP DURBAN
"6523 PEP HARRISMITH SOUTHEY STREET SHOP, 12 SOUTHEY STREET HARRISMITH HARRISMITH FREE STATE",6523,PEP HARRISMITH
"6526 PEP OLIEVENHOUT PLAZA OLIEVENHOUT PLAZA, C/O OLIFANTSFONTEIN ROAD & R55 OLIEVENHOUTBOSCH EXT 25 CENTURION GAUTENG",6526,PEP OLIEVENHOUT
"6527 PEP NAMAKGALE CROSSING SHOP 7, NAMAKGALE CROSSING, CALVIN NGOBENI DRIVE & ASIBASABI STREET NAMAKGALE NAMAKGALE LIMPOPO",6527,PEP NAMAKGALE
"6529 PEP MTHATHA EAGLE STREET SHOP 2, HAMBERT, EAGLE STREET MTHATHA MTHATHA EASTERN CAPE",6529,PEP MTHATHA
"6533 PEP SECUNDA REGIONAL MALL SHOP LG 31,SECUNDA REGIONAL MALL, CNR OR TAMBO & PDP KRUGER STREET SECUNDA SECUNDA MPUMALANGA",6533,PEP SECUNDA
"6534 PEP UPINGTON KALAHARI MALL SHOP 11, KALAHARI MALL, CNR MALHERBE & VAN RIEBEECK ROAD UPINGTON UPINGTON NORTHERN CAPE",6534,PEP UPINGTON
"6535 PEP SOWETO NDOFAYA MALL SHOP 8, NDOFAYA MALL, CNR HEKROODT CIRCLE & MARSH STREET MEADOWLANDS MEADOWLANDS GAUTENG",6535,PEP SOWETO
"6536 PEP JOZINI MALL SHOP 8, JOZINI MALL, PROVINCIAL P449 JOZINI JOZINI JOZINI KWAZULU-NATAL",6536,PEP JOZINI
"6539 PEP KINGSBURGH DSM MALL SHOP 1-4, DSM MALL, 10 WINKLESPRUIT ROAD KINGSBURGH KINGSBURGH KWAZULU-NATAL",6539,PEP KINGSBURGH
"6540 PEP KLERKSDORP TOWER MALL SHOP 14A TOWER MALL, C/O N12 JABULANI STREET KLERKSDORP KLERKSDORP NORTH WEST",6540,PEP KLERKSDORP
"6542 PEP MORULENG MALL SHOP 71 MORULENG MALL, MAIN HOSPITAL ROAD (50-1) SAULSPOORT MORULENG NORTH WEST",6542,PEP MORULENG
"6544 PEP POLOKWANE SESHEGO CIRCLE SHOP 8, SESHEGO CIRCLE, DITLOU STREET POLOKWANE POLOKWANE LIMPOPO",6544,PEP POLOKWANE
"6549 PEP QUMBU SHOPPING CENTRE SHOP 11,QUMBU SHOPPING CENTRE, MAIN ROAD QUMBU QUMBU EASTERN CAPE",6549,PEP QUMBU
"6550 PEP MIDDELBURG MP MHLUZI MALL e'MHLUZI MALL, C/O IKANGENG STREET TSWELOPELE ROAD MHLUZI MIDDELBURG MPUMALANGA",6550,PEP MIDDELBURG
"6558 PEP WITBANK KWA-GUQA SHOP 26, KWA-GUQA MALL, CNR MATTHEW PHOSA ROAD & N4, KWA GUQA OFFRAMP KWAGUQA KWAGUQA MPUMALANGA",6558,PEP WITBANK
"6562 PEP SOSHANGUVE CROSSING SHOP 7, SOSHANGUVE CROSSING, CNR RUTH FIRST STREET & AUBREY MATLALA STREET SOSHANGUVE SOSHANGUVE GAUTENG",6562,PEP SOSHANGUVE
"6563 PEP LETHLABILE MALL SHOP 33 LETHLABILE MALL, OSALETSENG STREET LETLHABILE BRITS NORTH WEST",6563,PEP LETHLABILE
"6564 PEP SPRINGS TSAKANE CORNER SHOP 9, TSAKANE CORNER, CNR FEZELA STREET & MADIBA STREET TSAKANE TSAKANE GAUTENG",6564,PEP SPRINGS
"6572 PEP MTUBATUBA MTUBA MALL SHOP 30A, MTUBA MALL, LOT 56 UMFOLOZI NO 13319 REMAINDER OF PORTION 1 MTUBATUBA MTUBATUBA KWAZULU-NATAL",6572,PEP MTUBATUBA
"6577 PEP HARDING CORNER SHOP S19 HARDING CORNER SHOPPING CENTRE, HAWKINS STREET HARDING HARDING KWAZULU-NATAL",6577,PEP HARDING
"6580 PEP JHB DAVEYTON MAYFIELD SQ SHOP 6 MAYFIELD SQUARE, LURIE ROAD DAVEYTON BENONI GAUTENG",6580,PEP JHB
"6587 PEP SEBOKENG ORANGE FARM MALL SHOP L18, EYETHU ORANGE FARM MALL, 124TH STREET GOLDEN HIGHWAY ORANGE FARM ORANGE FARM GAUTENG",6587,PEP SEBOKENG
"6588 PEP BELA-BELA BELA MALL SHOP 11 BELA-MALL, R101 BELA-BELA BELA-BELA LIMPOPO",6588,PEP BELA-BELA
"6591 PEP LICHTENBURG MALL SHOP 18, LICHTENBURG MALL, DR NELSON MANDELA DRIVE (R52) LICHTENBURG LICHTENBURG NORTH WEST",6591,PEP LICHTENBURG
"6593 PEP HEIDELBERG MALL (GP) HEIDELBERG MALL, C/O JACOBS STREET N3 HEIDELBERG HEIDELBERG GAUTENG",6593,PEP HEIDELBERG
"6595 PEP VEREENIGING PRESIDENT VAAL SHOP 16, PRESIDENT VAAL SQUARE, PLAYFAIR BOULEVARD VEREENIGING VEREENIGING GAUTENG",6595,PEP VEREENIGING
"6603 PEP ENGCOBO BOXER CENTRE SHOP 2, BOXER CENTRE, MAIN ROAD ENGCOBO ENGCOBO EASTERN CAPE",6603,PEP ENGCOBO
"6605 PEP PHOKENG BAFOKENG MALL SHOP 27, BAFOKENG MALL, R565 PHOKENG RUSTENBURG NORTH WEST",6605,PEP PHOKENG
"6607 PEP BOKSBURG DAWN PARK SHOP 4 DAWN PARK SHOPPING CENTRE, C/O GALAHAD ROAD DAGBREEK STREET DAWN PARK BOKSBURG GAUTENG",6607,PEP BOKSBURG
"6610 PEP CPT LANGA JUNCTION SHOP 8 LANGA JUNCTION, BRINTON STREET LANGA CAPE TOWN WESTERN CAPE",6610,PEP CPT
"6612 PEP SPRINGS KWA-THEMA SHOP B2, EKHAYA CENTRE, VLAKFONTEIN ROAD KWA-THEMA SPRINGS SPRINGS GAUTENG",6612,PEP SPRINGS
"6613 PEP DURBAN WATERCREST MALL SHOP L09, WATERCREST MALL, (PREVIOUSLY NAMED WATERFALL MALL) 141 INANDA ROAD WATERFALL PINETOWN KWAZULU-NATAL",6613,PEP DURBAN
"6614 PEP TUGELA FERRY MALL SHOP 15, TUGELA FERRY MALL, R33 MAIN ROAD TUGELA FERRY TUGELA FERRY KWAZULU-NATAL",6614,PEP TUGELA
"6615 PEP MTHATHA NGEBS CITY SHOP 89, MTHATHA NGEBS CITY, ERROL SPRING AVENUE MTHATHA MTHATHA EASTERN CAPE",6615,PEP MTHATHA
"6616 PEP THABAZIMBI THABA MALL SHOP 48, THABA MALL, WARMBAD WEG ROAD (R510) THABAZIMBI THABAZIMBI LIMPOPO",6616,PEP THABAZIMBI
"6618 PEP KHAYELITSHA SITE C PLAZA SHOP 19, SITE C PLAZA, CNR SOLOMON TSHUKU AVENUE & IDADA AVENUE KHAYELITSHA KHAYELITSHA WESTERN CAPE",6618,PEP KHAYELITSHA
"6622 PEP CRAIGIEBURN MOODLEY'S SPAR SHOP 2, MOODLEY'S SPAR, 70 CALENDULA AVENUE CRAIGIEBURN UMKOMAAS KWAZULU-NATAL",6622,PEP CRAIGIEBURN
"6629 PEP ESTCOURT ITHALA CENTRE SHOP B2A, ITHALA CENTRE, CNR HARDING STREET (R103) & ALEXANDRA STREET ESTCOURT ESTCOURT KWAZULU-NATAL",6629,PEP ESTCOURT
"6631 PEP RUSTENBURG PLATINUM SQUARE SHOP 42A, PLATINUM SQUARE, HOWICK AVENUE RUSTENBURG RUSTENBURG NORTH WEST",6631,PEP RUSTENBURG
"6632 PEP LUSIKISIKI LUSIKI PLAZA SHOP 9, LUSIKI PLAZA, CNR LYTTELTON ROAD & LEYDEN AVENUE LUSIKISIKI LUSIKISIKI EASTERN CAPE",6632,PEP LUSIKISIKI
"6634 PEP BERGVILLE MALL SHOP 2 BERGVILLE MALL, TATHAM ROAD BERGVILLE BERGVILLE KWAZULU-NATAL",6634,PEP BERGVILLE
"6642 PEP MODIMOLLE MODI MALL SHOP 11, MODI MALL, CNR THABO MBEKI DRIVE & LIMPOPO STREET MODIMOLLE MODIMOLLE LIMPOPO",6642,PEP MODIMOLLE
"6644 PEP COFIMVABA SHOP, C/O BELLAIR AVENUE MAIN STREET COFIMVABA COFIMVABA EASTERN CAPE",6644,PEP COFIMVABA
"6646 PEP EL GILLWELL SC SHOP UG12, GILLWELL SHOPPING CENTRE, GILLWELL STREET & FLEET STREET EAST LONDON EAST LONDON EASTERN CAPE",6646,PEP EL
"6647 PEP LUSIKISIKI SHOP 11, MAIN STREET LUSIKISIKI LUSIKISIKI EASTERN CAPE",6647,PEP LUSIKISIKI
"6648 PEP POTCHEFSTROOM IKAGENG GATE SHOP 26, IKAGENG GATE, CNR ZINN STREET & TRIOMF ROAD POTCHEFSTROOM POTCHEFSTROOM NORTH WEST",6648,PEP POTCHEFSTROOM
"6651 PEP LYDENBURG HIGHLAND CENTRE SHOP 6A, HIGHLAND CENTRE, 53 KANTOOR STREET LYDENBURG LYDENBURG MPUMALANGA",6651,PEP LYDENBURG
"6654 PEP BELA-BELA BUSHVELD PNP SHOP G17-18 BUSHVELD PICK N PAY, C/O R101 POTGIETER ROAD BELA-BELA BELA-BELA LIMPOPO",6654,PEP BELA-BELA
"6655 PEP PMARITZBURG HAYFIELDS MALL HAYFIELDS MALL, C/O BLACKBURROW ROAD & CLELAND ROAD HAYFIELDS PIETERMARITZBURG KWAZULU-NATAL",6655,PEP PMARITZBURG
"6657 PEP BRITS MURRAY AVENUE SHOP 1, THEO'S BUILDING, MURRAY AVENUE & DE WITS AVENUE BRITS BRITS NORTH WEST",6657,PEP BRITS
"6658 PEP POLOKWANE CNR PAUL KRUGER SHOP 6, KFC RISSIK STREET, CNR PRESIDENT PAUL KRUGER STREET & RISSIK STREET POLOKWANE POLOKWANE LIMPOPO",6658,PEP POLOKWANE
"6662 PEP WELKOM BOITUMELO JUNCTION SHOP 35, BOITUMELO JUNCTION, C/O NKOANE WEG PHAKATI DRIVE WELKOM WELKOM FREE STATE",6662,PEP WELKOM
"6668 PEP NEWCASTLE AMAJUBA MALL SHOP 5-6, AMAJUBA MALL, ALLEN STREET (R34) & VICTORIA STREET NEWCASTLE NEWCASTLE KWAZULU-NATAL",6668,PEP NEWCASTLE
"6672 PEP MTUBATUBA TAXI CITY SHOP 43-44, TAXI CITY, ST LUCIA ROAD (R618) & NKOSI MTUBATUBA ROAD MTUBATUBA MTUBATUBA KWAZULU-NATAL",6672,PEP MTUBATUBA
"6676 PEP JHB PARK STATION SHOP N/A,PARK STATION, RISSIK STREET JOHANNESBURG JOHANNESBURG GAUTENG",6676,PEP JHB
"6677 PEP SIYABUSWA MALL MOLOTO RD SHOP 52, MALL@MOUTSIYA, MOLOTO ROAD (R573) SIYABUSWA SIYABUSWA LIMPOPO",6677,PEP SIYABUSWA
"6685 PEP PE GREENACRES CHECKERS SHOP 6, GREENACRES SHOPPING CENTRE, 1 RING ROAD GREENACRES PORT ELIZABETH EASTERN CAPE",6685,PEP PE
"6690 PEP SOWETO DEVLAND CENTRE SHOP 2, SHOPRITE DEVLAND CENTRE, CNR JAN DE NECKER DRIVE AND GOLDEN HIGHWAY (R553) DEVLAND SOWETO GAUTENG",6690,PEP SOWETO
"6691 PEP WEIGHTMAN AVENUE SHOP 1-2A, 4 WEIGHTMAN AVENUE EMPANGENI EMPANGENI KWAZULU-NATAL",6691,PEP WEIGHTMAN
"6692 PEP PONGOLA LIMOBA PNP SHOP 1C, LIMOBA SHOPPING CENTRE, 26 KLASIE HAVENGA STREET PONGOLA PONGOLA KWAZULU-NATAL",6692,PEP PONGOLA
"6694 PEP IDUTYWA SHOP 2, N/A, N2 AND CHURCH STREET IDUTYWA IDUTYWA EASTERN CAPE",6694,PEP IDUTYWA
"6696 PEP RUSTENBURG PLAZA SHOP A, RUSTENBURG PLAZA, CNR NELSON MANDELA STREET AND PRESIDENT MBEKI STREET RUSTENBURG RUSTENBURG NORTH WEST",6696,PEP RUSTENBURG
"6698 PEP BA-PHALABORWA CHECKERS SHOP 9 BA-PHALABORWA CHECKERS CENTRE, PRESIDENT NELSON MANDELA STREET PHALABORWA PHALABORWA LIMPOPO",6698,PEP BA-PHALABORWA
"6700 PEP PIET RETIEF MALL@MFULA SHOP 54 MALL@MFULA, C/O R543 (BRAND STREET) & N2 (CHURCH STREET) PIET RETIEF PIET RETIEF MPUMALANGA",6700,PEP PIET
"6701 PEP SPRINGS MALL SHOP L11 SPRINGS MALL, C/O JAN SMUTS ROAD & R51 SPRINGS SPRINGS GAUTENG",6701,PEP SPRINGS
"6702 PEP ALEXANDRA ALEX MALL SHOP 31 ALEX MALL, C/O LONDON ROAD M3 LOMBARDY EAST JOHANNESBURG GAUTENG",6702,PEP ALEXANDRA
"6705 PEP ESTCOURT HARDING STREET SHOP, 71 HARDING STREET (R103) ESTCOURT ESTCOURT KWAZULU-NATAL",6705,PEP ESTCOURT
"6707 PEP RANDFONTEIN TAMBOTIE MALL SHOP 6 TAMBOTIE MALL, C/O TAMBOTIE ROAD MALAN STREETS RANDFONTEIN RANDFONTEIN GAUTENG",6707,PEP RANDFONTEIN
"6710 PEP MADADENI BOXER CENTRE SHOP 5 BOXER CENTRE, NKOSI BHAMBATHA ROAD NEWCASTLE NEWCASTLE KWAZULU-NATAL",6710,PEP MADADENI
"6715 PEP SPRINGS KWATHEMA SQUARE C/O 11th ROAD, 12th ROAD KWATHEMA SPRINGS GAUTENG",6715,PEP SPRINGS
"6718 PEP KWAMHLANGA.PHOLA MALL SHOP 15, PHOLA PARK SHOPPING CENTRE, R573 MOLOTO ROAD KWAMHLANGA KWAMHLANGA MPUMALANGA",6718,PEP KWAMHLANGA.PHOLA
"6721 PEP DELFT MALL DELFT MALL, C/O HINDLE ROAD & DELFT MAIN ROAD DELFT CAPE TOWN WESTERN CAPE",6721,PEP DELFT
"6724 PEP PORT ALFRED ROSEHILL MALL ROSEHILL MALL, 1 ROSEHILL BOULEVARD PORT ALFRED PORT ALFRED EASTERN CAPE",6724,PEP PORT
"6732 PEP PMB 429 CHURCH STR SHOP, 429 CHURCH STREET PIETERMARITZBURG PIETERMARITZBURG KWAZULU-NATAL",6732,PEP PMB
"6739 PEP TEMBISA KAALFONTEIN CORNER KAALFONTEIN CORNER, C/O ANGELFISH STREET MAIN ROAD TEMBISA JOHANNESBURG GAUTENG",6739,PEP TEMBISA
"6743 PEP DUNOON ROMA CENTRE ROMA CENTRE, C/O WINNING WAY POTSDAM ROAD MILNERTON CAPE TOWN WESTERN CAPE",6743,PEP DUNOON
"6746 PEP HAMMANSKRAAL JUBILEE MALL JUBILEE MALL, C/O HARRY GWALA AVENUE JUBILEE ROAD HAMMANSKRAAL HAMMANSKRAAL GAUTENG",6746,PEP HAMMANSKRAAL
"6759 PEP EL DUNCAN VILLAGE SHOP 3 DUNCAN VILLAGE SHOPPING CENTRE, C/O DOUGLAS SMITH HIGHWAY & FLORENCE STREET DUNCAN VILLAGE EAST LONDON EASTERN CAPE",6759,PEP EL
"6762 PEP SOSHANGUVE SOUTHVIEW SHOP 5 SOUTHVIEW SHOPPING CENTRE, DWARF SANUKA STREET SOSHANGUVE SOSHANGUVE GAUTENG",6762,PEP SOSHANGUVE
"6765 PEP KAKAMAS CENTRE SHOP 6 KAKAMAS CENTRE, C/O N14 AUGRABIES WAY & VOORTREKKER WAY KAKAMAS KAKAMAS NORTHERN CAPE",6765,PEP KAKAMAS
"6766 PEP LADYSMITH THE SQUARE SHOP 6 THE SQUARE, C/O BULLER ROAD & HARRISMITH ROAD LADYSMITH LADYSMITH KWAZULU-NATAL",6766,PEP LADYSMITH
"6770 PEP STANGER KWADAKUZA MALL SHOP 3 KWADUKUZA MALL, 2 ELIZABETH STREET STANGER STANGER KWAZULU-NATAL",6770,PEP STANGER
"6773 PEP MAFIKENG PLAZA SHOP 12 MAFIKENG PLAZA, C/O HATCHARD STREET & STATION ROAD MAHIKENG MAHIKENG NORTH WEST",6773,PEP MAFIKENG
"6775 PEP DURBAN WESTVILLE PAVILION SHOP 290 PAVILION SHOPPING CENTRE, JACK MARTENS DRIVE WESTVILLE DURBAN KWAZULU-NATAL",6775,PEP DURBAN
"6784 PEP ACORNHOEK MALL SHOP 10 ACORNHOEK MALL, R40 ACORNHOEK ACORNHOEK MPUMALANGA",6784,PEP ACORNHOEK
"6787 PEP NKOMO VILLAGE SHOP 3215-B02 NKOMO VILLAGE, TLOU STREET ATTERIDGEVILLE PRETORIA GAUTENG",6787,PEP NKOMO
"6790 PEP BOTLENG SC DELMAS SHOP 6 & 7 BOTLENG SC, C/O R42 & NELSON MANDELA DRIVE BOTLENG DELMAS MPUMALANGA",6790,PEP BOTLENG
"6798 PEP ERMELO WESSELTON CROSSING SHOP 14, C/O MANDELA DRIVE OR TAMBO STREET WESSELTON ERMELO MPUMALANGA",6798,PEP ERMELO
"6799 PEP GIYANI MASINGITA MALL SHOP N87 MASINGITA MALL, CNR MOEKETSI AND GIYANI ROAD GIYANI GIYANI LIMPOPO",6799,PEP GIYANI
"7184 PEPCELL PTA CHURCH STREET SHOP 4 SHOPRITE BUILDING, CHURCH STREET PRETORIA PRETORIA GAUTENG",7184,PEPCELL PTA
"7202 PEP TSHWANE REG MALL MAMELODI SHOP GF 32 TSHWANE REGIONAL MALL, C/O WATLOO & TSAMAYA RD MAMELODI PRETORIA GAUTENG",7202,PEP TSHWANE
"7212 PEP HARTSWATER SHOP 4 JETMART BUILDING, DF MALAN STREET HARTSWATER NORTHERN CAPE FREE STATE",7212,PEP HARTSWATER
"7217 PEP ROBERTSON CIRCLE SC SHOP 20 ROBERTSON CIRCLE, C/O JOHAN DE JONG AVE & KERK STREET ROBERTSON ROBERTSON WESTERN CAPE",7217,PEP ROBERTSON
"7220 PEP MABOPANE SQUARE SHOP 9 MABOPANE SQUARE, LUCAS MANGOPE DR MABOPANE MABOPANE GAUTENG",7220,PEP MABOPANE
"7224 PEP DURBAN ISIPINGO SHOP 2 , PHILA NDWANDWE RD ISIPINGO RAIL DURBAN KWAZULU-NATAL",7224,PEP DURBAN
"7226 PEP BARBERTON STIMELA CROSSING SHOP 59 STIMELA CROSSING, 18 GENERAL STREET BARBERTON BARBERTON MPUMALANGA",7226,PEP BARBERTON
"7227 PEP KATLEHONG SAM NTULI MALL SHOP 37 SAM NTULI MALL, C/O TUGELA & MASAKHANE KATLEHONG KATLEHONG GAUTENG",7227,PEP KATLEHONG
"7229 PEP TEMBISA BUSY CORNER MALL SHOP 19 BUSY CORNER MALL, MAIN RD EBONY PARK TEMBISA GAUTENG",7229,PEP TEMBISA
"7231 PEP QUMBU PLAZA SHOP 4 QUMBU PLAZA, N2 QUMBU QUMBU EASTERN CAPE",7231,PEP QUMBU
"7233 PEP KLERKSDORP FLAMWOOD WALK SHOP 45 FLAMWOOD WALK, 1 BROTHER PATRICK LANE KLERKSDORP KLERKSDORP NORTH WEST",7233,PEP KLERKSDORP
"7234 PEP PIETERMARITZBURG MBALI CTR SHOP 12 MBALI CENTRE, MACHIBISA RD PIETERMARITZBURG PIETERMARITZBURG KWAZULU-NATAL",7234,PEP PIETERMARITZBURG
"7235 PEP TEMBISA BIRCH ACRES SQUARE SHOP 14 BIRCH ACRES SQUARE, C/O ANDREW MAPHETA & ISIMUKU STREET BIRCH ACRES TEMBISA GAUTENG",7235,PEP TEMBISA
"7244 PEP JHB DIEPSLOOT CHUMA MALL SHOP 09A CHUMA MALL , C/O R511 & 1ST AVENUE DIEPSLOOT DIEPSLOOT GAUTENG",7244,PEP JHB
"7246 PEP ROODEPOORT CLEARWATER SHOP LM041 CLEARWATER MALL, C/O HENDRIK POTGIETER & CHJRISTIAAN DE WET ROADS ROODEPOORT ROODEPOORT GAUTENG",7246,PEP ROODEPOORT
"7256 PEP PHILIPPI JUNXION MALL SHOP 72 THE JUNXION MALL, C/O NEW EISLEBEN & GOVAN MBEKI ROADS PHILIPPI PHILIPPI WESTERN CAPE",7256,PEP PHILIPPI
"7261 PEP TEMBISA MALL OF TEMBISA SHOP G38 MALL OF TEMBISA , C/O ALUMINIUM & R563 TEMBISA TEMBISA GAUTENG",7261,PEP TEMBISA
"7270 PEP TAUNG MALL SHOP 104 TAUNG MALL, MAIN STREET TAUNG TAUNG NORTH WEST",7270,PEP TAUNG
"7271 PEP RANDFONTEIN UMPHAKATHI SHOP 27 UMPHAKATHI MALL, C/O R55 & R28 MOHLAKENG RANDFONTEIN RANDFONTEIN GAUTENG",7271,PEP RANDFONTEIN
"7276 PEP RUSTENBURG MALL SHOP 73 RUSTENBURG MALL, C/O SWARTRUGGENS ROAD & NELSON MANDELA DRIVE RUSTENBURG RUSTENBURG NORTH WEST",7276,PEP RUSTENBURG
"7278 PEP CHATSWORTH CENTRE (L1) SHOP 16 DURBAN CHATSWORTH CENTRE, 14 J0YHURST STREET CHATSWORTH CHATSWORTH KWAZULU-NATAL",7278,PEP CHATSWORTH
"7287 PEP JBH GANDHI SQUARE SHOP 1 GANDHI SQUARE INDONI HOUSE , 120 FOX STREET MARSHALLTOWN JOHANNESBURG GAUTENG",7287,PEP JBH
"7288 PEP PE WALMER PARK SHOP 99A WALMER PARK SHOPPING CENTRE, MAIN ROAD WALMER PORT ELIZABETH EASTERN CAPE",7288,PEP PE
"7290 PEP PINETOWN HILLS STREET SHOP 2 PINETOWN 2, 18 HIILL STREET PINETOWN PINETOWN KWAZULU-NATAL",7290,PEP PINETOWN
"7299 PEP NTUZUMA MIDWAY CROSSING SHOP US 24 MIDWAY CROSSING , C/O DUMISANI MAKHAYE HIGHWAY & NEWLANDS EXPRESS WAY NTUZUMA DURBAN KWAZULU-NATAL",7299,PEP NTUZUMA
"7305 PEP BETHAL SHOP 21B P & PDKRUGER BUILDING , VUYISILI MINI STREET BETHAL BETHAL MPUMALANGA",7305,PEP BETHAL
"7310 PEP SOWETO DLAMINI SHOPPING CT SHOP 2 DLAMINI SHOPPING CENTRE, C/O CHRIS HANI & MTAMBO STREET SUNRISE PARK SOMETO GAUTENG",7310,PEP SOWETO
"7316 PEP HAZYVIEW JUNCTION SHOP 14B HAZYVIEW JUCTION, C/O PORTIA SHABANGU & WHITE RIVER ROAD HAZYVIEW HAZYVIEW MPUMALANGA",7316,PEP HAZYVIEW
"7320 PEP LADYSMITH EKUVUKENI SHOP 9 EKUVUKENI SHOPPING CENTRE , MAIN ROAD EKUVUKENI A LADYSMITH LADYSMITH KWAZULU-NATAL",7320,PEP LADYSMITH
"7323 PEP DURBAN HILLCREST CORNER SHOP G8 HILLCREST CORNER , OLD MAIN ROAD HILLCREST HILLCREST KWAZULU-NATAL",7323,PEP DURBAN
"7326 PEP VANDERBIJLPARK TSHEPISO SHOP 17 TSHEPISO SHOPPING CENTRE , SEKATI STREET VANDERBIJLPARK VANDERBIJLPARK GAUTENG",7326,PEP VANDERBIJLPARK
"7348 PEP PTA MAMELODI SQUARE SHOP 16 MAMELODI SQUARE, C/O TSAMAYA & SHILOVHANE AVENUES MAMELODI PRETORIA GAUTENG",7348,PEP PTA
"7353 PEP HEBRON HEBRON MALL SHOP 20 HEBRON MALL, HEBRON ROAD HEBRON HEBRON GAUTENG",7353,PEP HEBRON
"7356 PEP HAMMANSKRAAL JUBILEE SHOP 9 HAMMANSKRAAL JUBILEE CROSSING, C/O HARRY GWALA & JUBILEE ROADS HAMMANSKRAAL HAMMANSKRAAL GAUTENG",7356,PEP HAMMANSKRAAL
"7359 PEP KATLEHONG CROSSING SHOP 20 KATLEHONG CROSSING, VENUS DRIVE KATLEHONG KATLEHONG GAUTENG",7359,PEP KATLEHONG
"8013 PEP IZINGOLWENI SHOP 9, THOKOZA, MAIN ROAD IZINGOLWENI IZINGOLWENI KWAZULU-NATAL",8013,PEP IZINGOLWENI
"8026 PEP DUNDEE WILSON STREET SHOP 1 OLD ACRE PLAZA, C/O WILSON STREET VICTORIA STREET DUNDEE DUNDEE KWAZULU-NATAL",8026,PEP DUNDEE
"8032 PEP MOKOPANE THE CROSSING SHOP 9 THE CROSSING MALL, C/O THABO MBEKI STREET RETIEF STREET MOKOPANE MOKOPANE LIMPOPO",8032,PEP MOKOPANE
"8045 PEP PHUTHADITJHABA NAMAHALI SHOP 9 CHARLES MOPELI SHOPPING CENTRE, CHARLES MOPELI STREET PHUTHADITJHABA PHUTHADITJHABA FREE STATE",8045,PEP PHUTHADITJHABA
"8049 PEP KLERKSDORP TERMINUS SHOP 19 THE TERMINUS CENTRE, GOLF STREET KLERKSDORP KLERKSDORP NORTH WEST",8049,PEP KLERKSDORP
"8056 PEP GRIEKWASTAD PANORAMA CENTRE , 6 MAIN STREET GRIEKWASTAD GRIEKWASTAD NORTHERN CAPE",8056,PEP GRIEKWASTAD
"8063 PEP JHB DAVEYTON MALL SHOP 5-7 DAVEYTON MALL, C/O EISELEN STREET TURTON STREET DAVEYTON BENONI GAUTENG",8063,PEP JHB
"8069 PEP BELLVILLE MIDDESTAD MALL SHOP 38-39 MIDDESTAD MALL, 16 CHARL MALAN STREET BELLVILLE CAPE TOWN WESTERN CAPE",8069,PEP BELLVILLE
"8076 PEP KNYSNA GRAY STREET MALL SHOP 2 GRAY STREET MALL, NELSON STREET KNYSNA KNYSNA WESTERN CAPE",8076,PEP KNYSNA
"8079 PEP PTA EAST LYNNE EAST PARK SHOP 20 EAST PARK, BAVIAANSPOORT ROAD EAST LYNNE PRETORIA GAUTENG",8079,PEP PTA
"8081 PEP SETSING CNR SETAI STREET SHOP 5, SETSING, CNR SETAI STREET MOTELING STREET PHUTHADITJHABA PHUTHADITJHABA FREE STATE",8081,PEP SETSING
"8086 PEP SOWETO PIMVILLE SHOP 14 & 15 PIMVILLE SHOP CENTRE , MODJADJI STREET ZONE 7 PIMVILLE PIMVILLE GAUTENG",8086,PEP SOWETO
"8094 PEP HLUHLUWE SHOP_ SPAR CENTRE, 15 MAIN ROAD HLUHLUWE STREET HLUHLUWE HLUHLUWE KWAZULU-NATAL",8094,PEP HLUHLUWE
"8095 PEP MAKHADO CROSSING SHOP 15 MAKHADO CROSSING, NATIONAL ROAD (N1) HLANGANANI STREET LOUIS TRICHARDT LOUIS TRICHARDT LIMPOPO",8095,PEP MAKHADO
"8096 PEP EMPANGENI BIYELA CENTRE SHOP 13 BIYELA CENTRE, BIYELA STREET EMPANGENI EMPANGENI KWAZULU-NATAL",8096,PEP EMPANGENI
"8097 PEP PINETOWN STANSFIELD SHOP 1 STANSFIELD HOUSE, 23 STANFIELD LANE PINETOWN PINETOWN KWAZULU-NATAL",8097,PEP PINETOWN
"8098 PEP ESHOWE CENTRE SHOP 3 ESHOWE CENTRE, 25 OSBORNE STREET ESHOWE ESHOWE KWAZULU-NATAL",8098,PEP ESHOWE
"8101 PEP ZEERUST MARICO PLAZA SHOP 6 MARICO PLAZA, 20 CHRUCH STREET ZEERUST ZEERUST NORTH WEST",8101,PEP ZEERUST
"8102 PEP MUSINA BEPRO CENTRE SHOP 6 BEPRO CENTRE, NATIONAL ROAD (N1) MUSINA MUSINA LIMPOPO",8102,PEP MUSINA
"8104 PEP TZANEEN PNP CENTRE SHOP 5B PICK & PAY CENTRE, CORNER CLAUDE WHEATLY STREET AGATHA STREET TZANEEN TZANEEN LIMPOPO",8104,PEP TZANEEN
"8109 PEP PHUTHADITJHABA MAIN ROAD SHOP 28 SHOPRITE CENTRE, MAIN ROAD PHUTHADITJHABA PHUTHADITJHABA FREE STATE",8109,PEP PHUTHADITJHABA
"8128 PEP EMPANGENI RAIL SHOP 25 ITHALA CENTRE, 36 TANNER ROAD EMPANGENI EMPANGENI KWAZULU-NATAL",8128,PEP EMPANGENI
"8134 PEP WITBANK MEDICAL CENTRE SHOP 31 WITBANK MEDICAL CENTRE , EDDIE STREET WITBANK WITBANK MPUMALANGA",8134,PEP WITBANK
"8213 PEP MARIKANA SHOP 5 , MAIN ROAD MARIKANA MARIKANA NORTH WEST",8213,PEP MARIKANA
"8217 PEP ROODEPOORT VAN WYK STREET SHOP, 35 VAN WYK STREET ROODEPOORT ROODEPOORT GAUTENG",8217,PEP ROODEPOORT
"8218 PEP SIYABUSWA SHOP 4 BOXER CENTRE, DR J MOROKA SIYABUSWA SIYABUSWA MPUMALANGA",8218,PEP SIYABUSWA
"8239 PEP MOUNT FRERE SHOP 1 , MAIN STREET MOUNT FRERE MOUNT FRERE EASTERN CAPE",8239,PEP MOUNT
"8245 PEP BUTTERWORTH KING STREET SHOP, C/O KING STREET UMTATA ROAD (N2) BUTTERWORTH BUTTERWORTH EASTERN CAPE",8245,PEP BUTTERWORTH
"8246 PEP PE 135 GOVAN MBEKI AVENUE SHOP, 135 GOVAN MBEKI AVENUE PORT ELIZABETH PORT ELIZABETH EASTERN CAPE",8246,PEP PE
"8249 PEP ENGCOBO HIGH STREET SHOP 104 BEEGUN BUILDING, HIGH STREET ENGCOBO ENGCOBO EASTERN CAPE",8249,PEP ENGCOBO
"8253 PEP MOSSELBAY CHECKERS CENTRE SHOP _ CHECKERS CENTRE, C/O LOUIS FOURIE ROAD MELKHOUT STREET HEIDERAND MOSSEL BAY WESTERN CAPE",8253,PEP MOSSELBAY
"8258 PEP PTA DENNEBOOMSTATION SHOP BO8 DENNEBOOMSTATION, TSAMAYA ROAD MAMELODI MAMELODI GAUTENG",8258,PEP PTA
"8261 PEP KOKSTAD MAIN STREET PLAZA SHOP 17 MAIN STREET PLAZA, CNR MAIN DOWE HOPE STREET KOKSTAD KOKSTAD KWAZULU-NATAL",8261,PEP KOKSTAD
"8265 PEP PE KORSTEN DURBAN ROAD SHOP, 31 DURBAN ROAD KORSTEN PORT ELIZABETH EASTERN CAPE",8265,PEP PE
"8266 PEP ALEXANDRA ALEX PLAZA SHOP 15 ALEX PLAZA, 3RD STREET WYNBERG JOHANNESBURG GAUTENG",8266,PEP ALEXANDRA
"8269 PEP EERSTERUS SHOP 16 EERSTERUS PLAZA , HANS COVERDALE WEST STREET EERSTERUS SILVERTON GAUTENG",8269,PEP EERSTERUS
"8273 PEP MTHATHA SPAR CENTRE SHOP 3 MANDLA KA MOYA BUILDING , CNR YORK STREET & ELLIOT STREET MTHATHA MTHATHA EASTERN CAPE",8273,PEP MTHATHA
"8279 PEP BRITS DE WITS AVERNUE SHOP 1 BOLT CENTRE, 19A DE WITS AVENUE BRITS BRITS NORTH WEST",8279,PEP BRITS
"8285 PEP MTHATHA ELLIOT STREET SHOP 2 MADEIRA CENTRE, CNR ELLIOTT STREET & MADEIRA STREET MTHATHA MTHATHA EASTERN CAPE",8285,PEP MTHATHA
"8286 PEP EAST LONDON BUFFALO CENTRE SHOP 7 BUFFALO CENTRE, CORNER BUFFALO STREET UNION STREET EAST LONDON EAST LONDON EASTERN CAPE",8286,PEP EAST
"8287 PEP RICHARDS BAY PLAZA SHOP 43 RICHARDS BAY JUNCTION 14 , C/O BULLION & & KRUGER RAND ROAD RICHARDS BAY RICHARDS BAY KWAZULU-NATAL",8287,PEP RICHARDS
"8288 PEP NONGOMA PLAZA SHOP 13 NONGOMA PLAZA, MAIN ROAD NONGOMA NONGOMA KWAZULU-NATAL",8288,PEP NONGOMA
"8293 PEP PTA PRETORIUS STEET SHOP 2 PERCEGOLD , 277 PRETORIUS STREET PRETORIA PRETORIA GAUTENG",8293,PEP PTA
"8297 PEP RUSTENBURG TRANS SHOPPING SHOP 103 & 104 TRANS SHOPPING MALL , FATIMA BHAYAT STREET RUSTENBURG RUSTENBURG NORTH WEST",8297,PEP RUSTENBURG
"8301 PEP PONGOLA CITY MALL SHOP 27 PONGOLA CITY MALL, JANMILLIE NAUDE ROAD PONGOLA PONGOLA KWAZULU-NATAL",8301,PEP PONGOLA
"8302 PEP MDANTSANE SHOPRITE CENTRE SHOP 3 SHOPRITE HIGHWAY CENTER, SANDILE ROAD MDANTSANE MDANTSANE EASTERN CAPE",8302,PEP MDANTSANE
"8312 PEP TSOMO SHOP 2 G2ML CENTRE, VILLAGE SQUARE TSOMO TSOMO EASTERN CAPE",8312,PEP TSOMO
"8321 PEP PSHEPSTONE ITHALA CENTRE NO 9 ITHALA CENTRE, CORNER ESCOMBE RYDER STREET PORT SHEPSTONE PORT SHEPSTONE KWAZULU-NATAL",8321,PEP PSHEPSTONE
"8326 PEP BURGERSFORT TWIN CITY SHOP 17 TWIN CITY MALL, DIRK WINTERBACH STREET BURGERSFORT BURGERSFORT LIMPOPO",8326,PEP BURGERSFORT
"8331 PEP CARLETONVILLE GATEWAY MALL SHOP 44 GATEWAY MALL, C/O OSMIUM STREET AMETHYST STREET CARLETONVILLE CARLETONVILLE GAUTENG",8331,PEP CARLETONVILLE
"8336 PEP STANGER MARKET PLAZA SHOP 25 MARKET PLAZA, CATO STREET STANGER STANGER KWAZULU-NATAL",8336,PEP STANGER
"8337 PEP HARDING MURCHSON STREET SHOP 4 - 5, 15 MURCHSON STREET HARDING HARDING KWAZULU-NATAL",8337,PEP HARDING
"8356 PEP MTHATHA CIRCUS TRIANGLE SHOP 7 CIRCUS TRIANGLE, SUTHERLAND STREET MTHATHA MTHATHA EASTERN CAPE",8356,PEP MTHATHA
"8365 PEP UPINGTON MARK STREET SHOP 1 ZELGRO PLACE, MARKET STREET UPINGTON UPINGTON NORTHERN CAPE",8365,PEP UPINGTON
"8376 PEP SOWETO DOBSONVILLE SHOP 54 DOBSONVILLE SHOPPING CENTRE , ROODEPOORT ROAD DOBSONVILLE DOBSONVILLE GAUTENG",8376,PEP SOWETO
"8378 PEP PTA SILVERTON MALL SHOP 32 SILVER MALL , C/O BOULEVARD ROAD AND PRETORIA ROAD SILVERTON SILVERTON GAUTENG",8378,PEP PTA
"8379 PEP VANDERBIJLPARK CHECKERS SHOP 15 VANDERBILPARK CHECKERS HYPER , CORNER JAN VAN RIEBEECK STREET J M MISKET STREET VANDERBIJLPARK VANDERBIJLPARK GAUTENG",8379,PEP VANDERBIJLPARK
"8380 PEP DELAREYVILLE DE TOIT STR SHOP 1 BUILDING _, 1 DU TOIT STREET DELAREYVILLE DELAREYVILLE NORTH WEST",8380,PEP DELAREYVILLE
"8384 PEP KWAGGAFONTEIN KWAGGA PLAZA SHOP 14 KWAGGA PLAZA , MOLOTO ROAD KWAGGAFONTEIN EMPUMALANGA MPUMALANGA",8384,PEP KWAGGAFONTEIN
"8385 PEP BFN MAITLAND STREET SHOP 5&6 FEDSURE HOUSE, MAITLAND STREET BLOEMFONTEIN BLOEMFONTEIN FREE STATE",8385,PEP BFN
"8387 PEP ACORNHOEK STATION CENTRE SHOP ACORNHOEK STATION CENTRE, TULAMAHASHE ROAD ACORNHOEK ACORNHOEK MPUMALANGA",8387,PEP ACORNHOEK
"8400 PEP STELLENBOSCH EIKESTAD MALL SHOP E4 EIKESTAD MALL, 43 ANDRINGA ROAD STELLENBOSCH STELLENBOSCH WESTERN CAPE",8400,PEP STELLENBOSCH
"8401 PEP LADYSMITH KEATE STREET SHOP 43 METROPOLITAN LIFE CENTRE, KEATE STREET LADYSMITH LADYSMITH KWAZULU-NATAL",8401,PEP LADYSMITH
"8403 PEP KAPANONG KOPANG SC SHOP 32 - 36 KOPANG SHOPPING CENTRE , DOUGLAS RENS ROAD KUDUBE HAMMANSKRAAL GAUTENG",8403,PEP KAPANONG
"8417 PEP THOHOYANDOU MPHEPHU STREET SHOP 1 LA RAMBUDA COMPLEX, MPHEPHU STREET THOHOYANDOU THOHOYANDOU LIMPOPO",8417,PEP THOHOYANDOU
"8419 PEP NONQUBELA LINK MALL SHOP 19 NONQUBELA LINK MALL, SULAMI DRIVE KHAYELITSHA KHAYELITSHA WESTERN CAPE",8419,PEP NONQUBELA
"8425 PEP HIGHFLATS SHOP 1-2 HIGHFLATS SHOPPING CENTRE, R612 HIGHFLATS HIGHFLATS KWAZULU-NATAL",8425,PEP HIGHFLATS
"8426 PEP PORT EDWARD SHOP 3 - 4 PORT EDWARD SHOPPING CENTRE, OWEN ELLIS DRIVE PORT EDWARD PORT EDWARD KWAZULU-NATAL",8426,PEP PORT
"8430 PEP MABOPANE CENTRAL CITY SHOP 19-21 CENTRAL CITY SHOP CENTRE, M17 CENTRAL HOUSE ROAD MABOPANE MABOPANE GAUTENG",8430,PEP MABOPANE
"8432 PEP JHB ELOFF AND BREE STREET SHOP 106 MEDICAL CITY , C/O ELOFF STREET & BREE STREET JOHANNESBURG JOHANNESBURG GAUTENG",8432,PEP JHB
"8437 PEP TEMBA CITY SHOP 34 TEMBA CITY , TEMBA STREET TEMBA TEMBA GAUTENG",8437,PEP TEMBA
"8438 PEP JANE FURSE PLAZA SHOP 16 JANE FURSE PLAZA, MAIN ROAD JANE FURSE JANE FURSE LIMPOPO",8438,PEP JANE
"8439 PEP BUTTERWORTH BUNGALOW MALL SHOP 5 BUNGALOW MALL, C/O MERRIMAN STREET UMTATA ROAD (N2) BUTTERWORTH BUTTERWORTH EASTERN CAPE",8439,PEP BUTTERWORTH
"8442 PEP PE PIER 14 SHOPPING CENTRE PIER 14 SHOPPING CENTRE, 444 GOVAN MBEKI AVENUE NORTH END PORT ELIZABETH EASTERN CAPE",8442,PEP PE
"8448 PEP POTCHEFSTROOM RIVER WALK SHOP 7 RIVER WALK, RIVIER STRAAT POTCHEFSTROOM POTCHEFSTROOM NORTH WEST",8448,PEP POTCHEFSTROOM
"8449 PEP HIBBERDENE SHOP 1 VENGIO BUILDING, 8 MARLIN STREET HIBBERDENE HIBBERDENE KWAZULU-NATAL",8449,PEP HIBBERDENE
"8454 PEP BFN TWIN CITY MALL SHOP 18 BLOEMFONTEIN TWIN CITY MALL, C/O SONNEBLOM STREET HEATHERDALE ROAD HEIDEDAL BLOEMFONTEIN FREE STATE",8454,PEP BFN
"8461 PEP KURUMAN LIVINGSTONE STREET SHOP, LIVINGSTONE STREET KURUMAN KURUMAN NORTHERN CAPE",8461,PEP KURUMAN
"8463 PEP UMZINTO RAMPOL BUILDING SHOP 1 RAMPOL BUILDING, MAIN ROAD UMZINTO UMZINTO KWAZULU-NATAL",8463,PEP UMZINTO
"8465 PEP DURBAN BEREA SHOP L7 BEREA SHOPPING CENTRE, 249 & 257 BEREA ROAD BEREA DURBAN KWAZULU-NATAL",8465,PEP DURBAN
"8467 PEP LOWVELD MALL (PNP) SHOP 155 LOWVELD MALL, C/O R40 MAIN ROAD HOBBY AVE HAZYVIEW HAZYVIEW MPUMALANGA",8467,PEP LOWVELD
"8477 PEP PORT ST JOHNS SHOP 1 MEEK BANK CENTRE, MAIN STREET PORT ST JOHNS PORT ST JOHNS EASTERN CAPE",8477,PEP PORT
"8484 PEP NQAMAKWE SHOP _ BUILDING _, 18 MAIN STREET NQAMAKWE NQAMAKWE EASTERN CAPE",8484,PEP NQAMAKWE
"8487 PEP CAPE TOWN WESTGATE SHOP 86 WESTGATE MALL, C/O MORGENSTER ROAD VANGUARD DRIVE MITCHELLS PLAIN MITCHELLS PLAIN WESTERN CAPE",8487,PEP CAPE
"8488 PEP NORTHAM BEARES BUIDLING SHOP BEARES BUILDING, BOTHA STREET NORTHAM RUSTENBURG LIMPOPO",8488,PEP NORTHAM
"8494 PEP TUGELA FERRY ITHALA CENTRE SHOP 2 ITHALA SHOPPING CENTRE, MAIN STREET TUGELA FERRY TUGELA FERRY KWAZULU-NATAL",8494,PEP TUGELA
"8500 PEP MOTHERWELL NYARA SHOP 7 PE MOTHERWELL SHOPPING CENTRE , C/O NYARA TYINIRA STREETS NU4B MOTHERWELL MOTHERWELL EASTERN CAPE",8500,PEP MOTHERWELL
"8505 PEP PHILIPPI SHOPRITE CENTRE SHOP 13 SHOPRITE CENTRE, CORNER LANSDOWNE NEW EISLEBEN PHILIPPI PHILIPPI WESTERN CAPE",8505,PEP PHILIPPI
"8525 PEP LIBODE SHOP _ BUILDING _, MAIN STREET LIBODE LIBODE EASTERN CAPE",8525,PEP LIBODE
"8534 PEP PIET RETIEF 101 CHURCH STR SHOP, 101 CHURCH STREET PIET RETIEF PIET RETIEF MPUMALANGA",8534,PEP PIET
"8541 PEP MAFIKENG SQUARE SHOP 12 BUILDING _, CORNER MAIN STREET CARRINGTON STREET MAFIKENG MAFIKENG NORTH WEST",8541,PEP MAFIKENG
"8545 PEP KOKSTAD SHOPPING CENTRE SHOP 7 KOKSTAD SHOPPING CENTRE, 80 MAIN STREET KOKSTAD KOKSTAD KWAZULU-NATAL",8545,PEP KOKSTAD
"8550 PEP KROONSTAD CROSS STREET SHOPS S1 ADAMI HOUSE, CORNER CROSS STREET BRAND STREET KROONSTAD KROONSTAD FREE STATE",8550,PEP KROONSTAD
"8555 PEP RANDFONTEIN VILLAGE SQAURE SHOP 10 VILLAGE SQUARE , MAIN REEF ROAD RANDFONTEIN RANDFONTEIN GAUTENG",8555,PEP RANDFONTEIN
"8559 PEP SOUTHGATE MALL SHOP L108 - L110 SOUTHGATE MALL , CORNER COLUMBINE ROAD RIFLE RANGE ROAD SOUTHGATE JOHANNESBURG GAUTENG",8559,PEP SOUTHGATE
"8570 PEP PE 56 GOVAN MBEKI AVENUE SHOP, 56 GOVEN MBEKI AVENUE PORT ELIZABETH PORT ELIZABETH EASTERN CAPE",8570,PEP PE
"8573 PEP SPRINGS PALM SPRINGS SC SHOP 38 C PALM SPRINGS SHOPPING CENTRE, CNR 4TH AVENUE & 5TH STREET SPRINGS SPRINGS GAUTENG",8573,PEP SPRINGS
"8587 PEP PMB CITY HALL GROUND FLOOR SOUTHERN LIFE BUILDING, 271 CHURCH STREET PIETERMARITZBURG PIETERMARITZBURG KWAZULU-NATAL",8587,PEP PMB
"8588 PEP EMPANGENI SANLAM CENTRE SHOP 410 SANLAM CENTRE, MAXWELL STREET MAXWELL STREET EMPANGENI EMPANGENI KWAZULU-NATAL",8588,PEP EMPANGENI
"8591 PEP NELSPRUIT PLAZA SHOP 17-20, NELSPRUIT PLAZA, CNR HERSHALL STREET & ANDREW STREET NELSPRUIT NELSPRUIT MPUMALANGA",8591,PEP NELSPRUIT
"8594 PEP CPT PAROW CENTRE SHOP 9 PAROW SHOPPING CENTRE, C/O VOORTREKKER ROAD DE LA REY ROAD PAROW CAPE TOWN WESTERN CAPE",8594,PEP CPT
"8601 PEP CAPE TOWN GOLDEN ACRE SHOP 47-49 GOLDEN ACRE, 9 ADDERLEY STREET CAPE TOWN CAPE TOWN WESTERN CAPE",8601,PEP CAPE
"8603 PEP BETHLEHEM SHOPRITE CENTRE SHOP 1 SHOPRITE CENTRE, C/O LOUW STREET MALAN STREET BETHLEHEM BETHLEHEM FREE STATE",8603,PEP BETHLEHEM
"8604 PEP PE WALMER 6TH AVENUE 6TH AVENUE SHOPPING CENTRE, CORNER 6TH AVENUE HEUGH ROAD WALMER PORT ELIZABETH EASTERN CAPE",8604,PEP PE
"8630 PEP CPT WYNBERG MAYNARD MALL SHOP 2 MAYNARD MALL, C/O MAIN ROAD LOWER CHURCH STREET WYNBERG CAPE TOWN WESTERN CAPE",8630,PEP CPT
"8646 PEP SUNDUMBILI MANDINI SHOP 9 RENCKENS SUPER SPAR COMPLEX, ISITHEBE MAIN ROAD SUNDUMBILI MANDINI KWAZULU-NATAL",8646,PEP SUNDUMBILI
"8648 PEP KIMBERLEY CHAPEL STREET SHOP 1 WB CENTRE, CHAPEL STREET KIMBERLEY NORTH KIMBERLEY NORTHERN CAPE",8648,PEP KIMBERLEY
"8652 PEP JHB SOUTHDALE CENTRE SHOP 34 SOUTHDALE CENTRE , ALLENMAIN ROAD SOUTHDALE JOHANNESBURG GAUTENG",8652,PEP JHB
"8653 PEP KRUGERSDORP KEY WEST SHOP NO 20A2 KEY WEST SHOPPING CENTRE , CORNER PAARDEKRAAL DRIVE VILJOEN STREET KRUGERSDORP KRUGERSDORP GAUTENG",8653,PEP KRUGERSDORP
"8655 PEP VERULAM SHOP G8 CITI MALL, 69 WICK STREET VERULAM VERULAM KWAZULU-NATAL",8655,PEP VERULAM
"8663 PEP LOUIS TRICHARDT FARZANA SHOP 2 FARZANA NOOR CENTRE, 25 SONGOZWI STREET LOUIS TRICHARDT LOUIS TRICHARDT LIMPOPO",8663,PEP LOUIS
"8664 PEP MOKOPANE THABO MBEKI DRIVE SHOP, 59 THABO MBEKI DRIVE MOKOPANE MOKOPANE LIMPOPO",8664,PEP MOKOPANE
"8666 PEP DURBAN BLUFF TOWERS SHOP 44 BLUFF TOWERS SHOPPING CENTRE, 318 TARA ROAD BLUFF BLUFF KWAZULU-NATAL",8666,PEP DURBAN
"8671 PEP PTA WONDERPARK MALL SHOP 216A WONDERPARK SHOP CENTRE, C/O BRITS ROAD HEINRICH AVENUE KARENPARK KARENPARK GAUTENG",8671,PEP PTA
"8674 PEP FISH HOEK LONGBEACH MALL SHOP G65 LONGBEACH MALL CENTRE, CNR SUNNYDALE ROAD BULLER LOUW DRIVE FISH HOEK FISH HOEK WESTERN CAPE",8674,PEP FISH
"8675 PEP VEREENIGING MARKPARK SHOP 10-11, MARKPARK SHOPRITE CENTRE, VOORTREKKER STREET VEREENIGING VEREENIGING GAUTENG",8675,PEP VEREENIGING
"8682 PEP MTHATHA 105 YORK STREET SHOP _ BUILDING _, 105 YORK ROAD MTHATHA MTHATHA EASTERN CAPE",8682,PEP MTHATHA
"8688 PEP PMB CAPITAL CENTRE CAPITAL CENTRE, C/O MURPHY STREET CHURCH STREET PIETERMARITZBURG PIETERMARITZBURG KWAZULU-NATAL",8688,PEP PMB
"8689 PEP PRETORIA NORTH BEN VILJOEN SHOP 5-6, SHOPRITE CENTRE, BEN VILJOEN STREET PRETORIA PRETORIA GAUTENG",8689,PEP PRETORIA
"8690 PEP SETSING PLAZA MAPOI STR SHOP 15 SETSING PLAZA, MAPOI STREET PHUTHADITJHABA PHUTHADITJHABA FREE STATE",8690,PEP SETSING
"8692 PEP PSHEPSTONE ORIBI PLAZA SHOP 16A & 16B ORIBI PLAZA, AIKAN STREET PORT SHEPSTONE PORT SHEPSTONE KWAZULU-NATAL",8692,PEP PSHEPSTONE
"8693 PEP PE GREENACRES SHOP _ THE BRIDGE AT GREENACRES, C J LANGEHOVEN ROAD GREENACRES PORT ELIZABETH EASTERN CAPE",8693,PEP PE
"8698 PEP TEMBISA MAYIBUYE CENTRE SHOP 4 MAYIBUYA SHOPPING CENTRE, MODDERFONTEIN ROAD COMMERCIA MIDRAND GAUTENG",8698,PEP TEMBISA
"8699 PEP SEBOKENG PLAZA SHOP 25, SEBOKENG PLAZA, MOSHWESHWE STREET SEBOKENG PLAZA SEBOKENG SEBOKENG GAUTENG",8699,PEP SEBOKENG
"8700 PEP WELKOM KAROO BLOCK G1 SHOPRITE CENTRE, CORNER BOK STREET KAROO STREET WELKOM WELKOM FREE STATE",8700,PEP WELKOM
"8703 PEP RUSTENBURG BOITEKONG SHOP 4 SCORE CENTRE, CORNER THLOU ROAD MOGWASE ROAD RUSTENBURG RUSTENBURG NORTH WEST",8703,PEP RUSTENBURG
"8705 PEP NELSPRUIT BROWN STREET SHOP 27, 27 BROWN STREET NELSPRUIT NELSPRUIT NELSPRUIT MPUMALANGA",8705,PEP NELSPRUIT
"8715 PEP THOHOYANDOU VENDA PLAZA SHOP B1 VENDA PLAZA, C/O MAIN ROAD (R523) CASINO BOULEVARD THOHOYANDOU THOHOYANDOU LIMPOPO",8715,PEP THOHOYANDOU
"8727 PEP JHB CARLTON CENTRE SHOP 146 CARLTON CENTRE, 8727 COMMISSIONER STREET JOHANNESBURG JOHANNESBURG GAUTENG",8727,PEP JHB
"8729 PEP FRANSCHHOEK LA GARE SHOP 6 LE GARE SHOPPING CENTRE, MAIN ROAD FRANSCHHOEK FRANSCHHOEK WESTERN CAPE",8729,PEP FRANSCHHOEK
"8736 PEP PMB RHINO CENTRE RHINO SHOPPING CENTRE, C/O PIETERMARITZ STREET & BOURKE STREET PIETERMARITZBURG PIETERMARITZBURG KWAZULU-NATAL",8736,PEP PMB
"8738 PEP PINETOWN SANLAM CENTRE SHOP 306 PINE CRESCENT , 17 KINGS ROAD PINETOWN PINETOWN KWAZULU-NATAL",8738,PEP PINETOWN
"8740 PEP WELKOM CHECKERS CENTRE SHOP 6 10 CHECKERS CENTRE, ARARAT STREET WELKOM WELKOM FREE STATE",8740,PEP WELKOM
"8744 PEP BRITS VAN EEDEN STREET SHOP NO 1 SAFARI PLAZA CENTRE, 1 VAN EEDEN STREET BRITS BRITS NORTH WEST",8744,PEP BRITS
"8746 PEP KINGSBURGH SHOP 32 - 33 KINGSBURGH CENTRE, OCEANVIEW ROAD KINGSBURGH KINGSBURGH KWAZULU-NATAL",8746,PEP KINGSBURGH
"8753 PEP KIMBERLEY NEW PARK CENTRE SHOP 7, NEWPARK CENTRE , CNR LENNOX STREET BULTFONTEIN ROAD NEW PARK KIMBERLEY NORTHERN CAPE",8753,PEP KIMBERLEY
"8754 PEP POTCHEFSTROOM SA BPK SHOP 57 PICK 'N PAY CENTRE, WALTER SISULU LANE POTCHEFSTROOM POTCHEFSTROOM NORTH WEST",8754,PEP POTCHEFSTROOM
"8756 PEP UITENHAGE SA BEPERK SHOP _ BUILDING _, MARKET STREET UITENHAGE UITENHAGE EASTERN CAPE",8756,PEP UITENHAGE
"8766 PEP DURBAN MONTCLAIR MALL SHOP 15 - 18 MONTCLAIR MALL, 169 WOOD ROAD MONTCLAIR DURBAN KWAZULU-NATAL",8766,PEP DURBAN
"8767 PEP MAMELODI CROSSING SHOP D3 MAMELODI CROSSING, CNR MAPHALLA STREET STORMVOEL ROAD MAMELODI MAMELODI GAUTENG",8767,PEP MAMELODI
"8776 PEP PMB LIBERTY MIDLANDS MALL LIBERTY MIDLANDS MALL, 50 SANCTUARY ROAD PIETERMARITZBURG PIETERMARITZBURG KWAZULU-NATAL",8776,PEP PMB
"8777 PEP M PLAIN PROMENADE MALL SHOP 5 & 6 PROMENADE MALL, CORNER AZ BERMAN DRIVE MORGENSTER MITCHELLS PLAIN MITCHELLS PLAIN WESTERN CAPE",8777,PEP M
"8780 PEP BURGERSFORT CASTLE SQUARE SHOP 8 CASTLE SQUARE, DIRK WINTERBACH STREET BURGERSFORT BURGERSFORT LIMPOPO",8780,PEP BURGERSFORT
"8781 PEP BFN CENTRAL PARK CENTRE SHOP 130 CENTRAL PARK CENTRE, C/O PEET AVENUE HANGER STREET BLOEMFONTEIN BLOEMFONTEIN FREE STATE",8781,PEP BFN
"8783 PEP PINETOWN ST JOHNS CENTRE SHOP NO 20 ST JOHNS CENTRE, ST JOHNS AVENUE PINETOWN PINETOWN KWAZULU-NATAL",8783,PEP PINETOWN
"8784 PEP MTHATHA CIRCUS TRIANGLE SHOP 70 CIRCUS TRIANGLE, SUTHERLAND STREET MTHATHA MTHATHA EASTERN CAPE",8784,PEP MTHATHA
"8787 PEP KHAYELITSHA MAKHAZA CENTRE SHOP 4 MAKHAZA CENTRE, LANSDOWNE ROAD KHAYELITSHA KHAYELITSHA WESTERN CAPE",8787,PEP KHAYELITSHA
"8793 PEP JHB PARK CENTRAL SHOP 34 PARK CENTRAL SHOPPING CENTRE, C/O NOORD STREET TWIST STREET JOHANNESBURG JOHANNESBURG GAUTENG",8793,PEP JHB
"8794 PEP NEWCASTLE VILLAGE WALK SHOP 13 VILLAGE WALK, 22 AYLIFF STREET NEWCASTLE NEWCASTLE KWAZULU-NATAL",8794,PEP NEWCASTLE
"8795 PEP MOUNT EDGECOMBE PLAZA SHOP A2 MOUNT EDGECOMBE PLAZA , HILL HEAD ROAD MOUNT EDGECOMBE MOUNT EDGECOMBE KWAZULU-NATAL",8795,PEP MOUNT
